"0","# Load all libraries"
"0","library(FlowSOM)"
"2","Loading required package: igraph
"
"2","
Attaching package: ‘igraph’

"
"2","The following objects are masked from ‘package:stats’:

    decompose, spectrum

"
"2","The following object is masked from ‘package:base’:

    union

"
"2","Registered S3 method overwritten by 'data.table':
  method           from
  print.data.table     
"
"2","Registered S3 method overwritten by 'dplyr':
  method           from
  print.rowwise_df     
"
"0","library(flowCore)"
"2","
Attaching package: ‘flowCore’

"
"2","The following objects are masked from ‘package:igraph’:

    normalize, parent, tree

"
"0","library(Biobase)"
"2","Loading required package: BiocGenerics
"
"2","Loading required package: parallel
"
"2","
Attaching package: ‘BiocGenerics’

"
"2","The following objects are masked from ‘package:parallel’:

    clusterApply, clusterApplyLB, clusterCall, clusterEvalQ, clusterExport, clusterMap, parApply, parCapply, parLapply,
    parLapplyLB, parRapply, parSapply, parSapplyLB

"
"2","The following object is masked from ‘package:flowCore’:

    normalize

"
"2","The following objects are masked from ‘package:igraph’:

    normalize, path, union

"
"2","The following objects are masked from ‘package:stats’:

    IQR, mad, sd, var, xtabs

"
"2","The following objects are masked from ‘package:base’:

    anyDuplicated, append, as.data.frame, basename, cbind, colnames, dirname, do.call, duplicated, eval, evalq, Filter,
    Find, get, grep, grepl, intersect, is.unsorted, lapply, Map, mapply, match, mget, order, paste, pmax, pmax.int, pmin,
    pmin.int, Position, rank, rbind, Reduce, rownames, sapply, setdiff, sort, table, tapply, union, unique, unsplit, which,
    which.max, which.min

"
"2","Welcome to Bioconductor

    Vignettes contain introductory material; view with 'browseVignettes()'. To cite Bioconductor, see
    'citation(""Biobase"")', and for packages 'citation(""pkgname"")'.

"
"0","library(gplots)"
"2","
Attaching package: ‘gplots’

"
"2","The following object is masked from ‘package:stats’:

    lowess

"
"0","library(ggplot2)"
"0","library(hexbin)"
"0","library(MEM)"
"0","library(tidyverse)"
"2","[30m-- [1mAttaching packages[22m --------------------------------------- tidyverse 1.2.1 --[39m
"
"2","[30m[32mv[30m [34mtibble [30m 2.1.3     [32mv[30m [34mpurrr  [30m 0.3.3
[32mv[30m [34mtidyr  [30m 1.0.0     [32mv[30m [34mdplyr  [30m 0.8.3
[32mv[30m [34mreadr  [30m 1.3.1     [32mv[30m [34mstringr[30m 1.4.0
[32mv[30m [34mtibble [30m 2.1.3     [32mv[30m [34mforcats[30m 0.4.0[39m
"
"2","[30m-- [1mConflicts[22m ------------------------------------------ tidyverse_conflicts() --
[31mx[30m [34mdplyr[30m::[32mas_data_frame()[30m masks [34mtibble[30m::as_data_frame(), [34migraph[30m::as_data_frame()
[31mx[30m [34mdplyr[30m::[32mcombine()[30m       masks [34mBiobase[30m::combine(), [34mBiocGenerics[30m::combine()
[31mx[30m [34mpurrr[30m::[32mcompose()[30m       masks [34migraph[30m::compose()
[31mx[30m [34mtidyr[30m::[32mcrossing()[30m      masks [34migraph[30m::crossing()
[31mx[30m [34mdplyr[30m::[32mfilter()[30m        masks [34mflowCore[30m::filter(), [34mstats[30m::filter()
[31mx[30m [34mdplyr[30m::[32mgroups()[30m        masks [34migraph[30m::groups()
[31mx[30m [34mdplyr[30m::[32mlag()[30m           masks [34mstats[30m::lag()
[31mx[30m [34mggplot2[30m::[32mPosition()[30m    masks [34mBiocGenerics[30m::Position(), [34mbase[30m::Position()
[31mx[30m [34mpurrr[30m::[32msimplify()[30m      masks [34migraph[30m::simplify()[39m
"
"0","library(Rtsne)"
"0","library(uwot)"
"2","Loading required package: Matrix
"
"2","
Attaching package: ‘Matrix’

"
"2","The following objects are masked from ‘package:tidyr’:

    expand, pack, unpack

"
"2","The following object is masked from ‘package:flowCore’:

    %&%

"
"0","library(viridis)"
"2","Loading required package: viridisLite
"
"0","library(ggExtra)"
"2","Registered S3 methods overwritten by 'htmltools':
  method               from         
  print.html           tools:rstudio
  print.shiny.tag      tools:rstudio
  print.shiny.tag.list tools:rstudio
"
