"","V1"
"1","1"
"2","3"
"3","5"
"4","6"
"5","19"
"6","6"
"7","6"
"8","6"
"9","6"
"10","1"
"11","6"
"12","6"
"13","7"
"14","3"
"15","3"
"16","6"
"17","1"
"18","6"
"19","6"
"20","6"
"21","6"
"22","6"
"23","3"
"24","6"
"25","6"
"26","6"
"27","2"
"28","1"
"29","6"
"30","6"
"31","15"
"32","6"
"33","1"
"34","6"
"35","6"
"36","6"
"37","4"
"38","5"
"39","1"
"40","1"
"41","19"
"42","1"
"43","6"
"44","6"
"45","19"
"46","17"
"47","17"
"48","6"
"49","6"
"50","1"
"51","19"
"52","7"
"53","1"
"54","3"
"55","2"
"56","6"
"57","6"
"58","6"
"59","6"
"60","3"
"61","1"
"62","6"
"63","6"
"64","9"
"65","3"
"66","6"
"67","19"
"68","1"
"69","6"
"70","6"
"71","6"
"72","6"
"73","20"
"74","6"
"75","1"
"76","6"
"77","1"
"78","6"
"79","1"
"80","1"
"81","6"
"82","6"
"83","1"
"84","6"
"85","1"
"86","6"
"87","1"
"88","6"
"89","1"
"90","6"
"91","4"
"92","2"
"93","3"
"94","6"
"95","3"
"96","6"
"97","6"
"98","1"
"99","1"
"100","6"
"101","20"
"102","3"
"103","19"
"104","6"
"105","2"
"106","3"
"107","6"
"108","3"
"109","1"
"110","2"
"111","1"
"112","6"
"113","2"
"114","3"
"115","6"
"116","6"
"117","3"
"118","6"
"119","1"
"120","6"
"121","6"
"122","6"
"123","3"
"124","5"
"125","6"
"126","3"
"127","2"
"128","6"
"129","3"
"130","14"
"131","1"
"132","3"
"133","6"
"134","6"
"135","1"
"136","1"
"137","1"
"138","6"
"139","4"
"140","3"
"141","3"
"142","3"
"143","19"
"144","6"
"145","20"
"146","6"
"147","6"
"148","6"
"149","1"
"150","6"
"151","6"
"152","4"
"153","6"
"154","3"
"155","4"
"156","6"
"157","3"
"158","2"
"159","6"
"160","6"
"161","6"
"162","1"
"163","6"
"164","5"
"165","6"
"166","1"
"167","6"
"168","4"
"169","2"
"170","6"
"171","6"
"172","6"
"173","6"
"174","6"
"175","6"
"176","6"
"177","3"
"178","20"
"179","6"
"180","6"
"181","6"
"182","1"
"183","2"
"184","2"
"185","4"
"186","6"
"187","1"
"188","3"
"189","6"
"190","6"
"191","6"
"192","6"
"193","3"
"194","6"
"195","19"
"196","19"
"197","6"
"198","6"
"199","1"
"200","1"
"201","1"
"202","1"
"203","16"
"204","3"
"205","1"
"206","18"
"207","6"
"208","1"
"209","19"
"210","3"
"211","2"
"212","6"
"213","5"
"214","6"
"215","6"
"216","6"
"217","1"
"218","6"
"219","6"
"220","6"
"221","2"
"222","19"
"223","3"
"224","2"
"225","1"
"226","6"
"227","6"
"228","19"
"229","5"
"230","6"
"231","6"
"232","11"
"233","19"
"234","6"
"235","6"
"236","2"
"237","2"
"238","6"
"239","1"
"240","5"
"241","3"
"242","6"
"243","20"
"244","6"
"245","19"
"246","6"
"247","1"
"248","3"
"249","6"
"250","4"
"251","15"
"252","19"
"253","1"
"254","6"
"255","20"
"256","6"
"257","1"
"258","6"
"259","6"
"260","1"
"261","19"
"262","6"
"263","6"
"264","6"
"265","7"
"266","6"
"267","6"
"268","19"
"269","6"
"270","3"
"271","6"
"272","6"
"273","6"
"274","1"
"275","2"
"276","7"
"277","6"
"278","1"
"279","3"
"280","1"
"281","6"
"282","13"
"283","4"
"284","20"
"285","2"
"286","1"
"287","3"
"288","6"
"289","3"
"290","6"
"291","1"
"292","6"
"293","6"
"294","1"
"295","6"
"296","1"
"297","6"
"298","1"
"299","6"
"300","6"
"301","6"
"302","6"
"303","6"
"304","1"
"305","1"
"306","19"
"307","6"
"308","6"
"309","4"
"310","6"
"311","3"
"312","3"
"313","6"
"314","1"
"315","5"
"316","6"
"317","6"
"318","19"
"319","3"
"320","6"
"321","1"
"322","19"
"323","3"
"324","6"
"325","6"
"326","2"
"327","6"
"328","1"
"329","19"
"330","6"
"331","7"
"332","19"
"333","17"
"334","6"
"335","6"
"336","6"
"337","3"
"338","1"
"339","19"
"340","6"
"341","6"
"342","6"
"343","6"
"344","6"
"345","3"
"346","6"
"347","6"
"348","11"
"349","6"
"350","5"
"351","1"
"352","6"
"353","1"
"354","2"
"355","6"
"356","4"
"357","6"
"358","6"
"359","6"
"360","3"
"361","5"
"362","1"
"363","6"
"364","1"
"365","1"
"366","1"
"367","11"
"368","6"
"369","1"
"370","6"
"371","19"
"372","1"
"373","1"
"374","5"
"375","2"
"376","6"
"377","6"
"378","3"
"379","3"
"380","6"
"381","3"
"382","6"
"383","6"
"384","5"
"385","1"
"386","19"
"387","3"
"388","19"
"389","6"
"390","3"
"391","6"
"392","1"
"393","1"
"394","19"
"395","6"
"396","3"
"397","19"
"398","6"
"399","19"
"400","1"
"401","6"
"402","6"
"403","6"
"404","1"
"405","6"
"406","3"
"407","6"
"408","19"
"409","2"
"410","6"
"411","3"
"412","19"
"413","3"
"414","1"
"415","2"
"416","17"
"417","4"
"418","8"
"419","1"
"420","2"
"421","6"
"422","6"
"423","6"
"424","3"
"425","6"
"426","2"
"427","3"
"428","6"
"429","20"
"430","2"
"431","6"
"432","11"
"433","6"
"434","6"
"435","1"
"436","3"
"437","1"
"438","1"
"439","2"
"440","2"
"441","6"
"442","20"
"443","1"
"444","11"
"445","1"
"446","3"
"447","3"
"448","6"
"449","6"
"450","13"
"451","1"
"452","6"
"453","1"
"454","4"
"455","6"
"456","6"
"457","6"
"458","2"
"459","6"
"460","6"
"461","6"
"462","20"
"463","1"
"464","13"
"465","2"
"466","6"
"467","19"
"468","6"
"469","6"
"470","19"
"471","6"
"472","1"
"473","6"
"474","13"
"475","6"
"476","6"
"477","6"
"478","9"
"479","1"
"480","6"
"481","19"
"482","4"
"483","6"
"484","5"
"485","6"
"486","6"
"487","6"
"488","15"
"489","3"
"490","6"
"491","16"
"492","6"
"493","1"
"494","18"
"495","6"
"496","1"
"497","1"
"498","1"
"499","1"
"500","6"
"501","6"
"502","6"
"503","6"
"504","6"
"505","6"
"506","15"
"507","6"
"508","6"
"509","2"
"510","6"
"511","1"
"512","6"
"513","20"
"514","1"
"515","6"
"516","3"
"517","6"
"518","6"
"519","1"
"520","4"
"521","6"
"522","6"
"523","6"
"524","6"
"525","2"
"526","5"
"527","19"
"528","6"
"529","3"
"530","13"
"531","6"
"532","6"
"533","6"
"534","7"
"535","6"
"536","6"
"537","1"
"538","2"
"539","6"
"540","4"
"541","1"
"542","19"
"543","1"
"544","19"
"545","3"
"546","6"
"547","1"
"548","1"
"549","1"
"550","6"
"551","6"
"552","6"
"553","5"
"554","1"
"555","19"
"556","6"
"557","19"
"558","6"
"559","13"
"560","1"
"561","1"
"562","20"
"563","1"
"564","6"
"565","6"
"566","6"
"567","6"
"568","2"
"569","6"
"570","1"
"571","6"
"572","6"
"573","19"
"574","6"
"575","6"
"576","4"
"577","3"
"578","6"
"579","1"
"580","2"
"581","6"
"582","6"
"583","1"
"584","20"
"585","17"
"586","19"
"587","19"
"588","3"
"589","19"
"590","20"
"591","6"
"592","6"
"593","6"
"594","1"
"595","3"
"596","1"
"597","13"
"598","6"
"599","6"
"600","6"
"601","6"
"602","6"
"603","6"
"604","5"
"605","6"
"606","1"
"607","6"
"608","1"
"609","6"
"610","6"
"611","17"
"612","2"
"613","1"
"614","6"
"615","3"
"616","6"
"617","6"
"618","6"
"619","6"
"620","3"
"621","1"
"622","19"
"623","6"
"624","3"
"625","1"
"626","7"
"627","6"
"628","1"
"629","11"
"630","2"
"631","6"
"632","19"
"633","6"
"634","6"
"635","7"
"636","6"
"637","2"
"638","6"
"639","19"
"640","6"
"641","19"
"642","6"
"643","2"
"644","6"
"645","5"
"646","6"
"647","2"
"648","2"
"649","4"
"650","6"
"651","3"
"652","6"
"653","1"
"654","19"
"655","1"
"656","6"
"657","2"
"658","6"
"659","3"
"660","6"
"661","6"
"662","6"
"663","3"
"664","6"
"665","2"
"666","6"
"667","6"
"668","6"
"669","1"
"670","1"
"671","6"
"672","1"
"673","6"
"674","6"
"675","1"
"676","1"
"677","6"
"678","6"
"679","19"
"680","2"
"681","6"
"682","1"
"683","6"
"684","1"
"685","19"
"686","6"
"687","1"
"688","1"
"689","11"
"690","1"
"691","6"
"692","19"
"693","18"
"694","4"
"695","20"
"696","11"
"697","6"
"698","19"
"699","3"
"700","5"
"701","6"
"702","6"
"703","1"
"704","3"
"705","6"
"706","6"
"707","6"
"708","4"
"709","6"
"710","19"
"711","6"
"712","6"
"713","6"
"714","6"
"715","6"
"716","2"
"717","2"
"718","4"
"719","1"
"720","3"
"721","3"
"722","6"
"723","18"
"724","6"
"725","4"
"726","6"
"727","1"
"728","16"
"729","1"
"730","1"
"731","1"
"732","4"
"733","19"
"734","3"
"735","2"
"736","6"
"737","6"
"738","6"
"739","1"
"740","6"
"741","14"
"742","5"
"743","13"
"744","5"
"745","1"
"746","20"
"747","19"
"748","5"
"749","1"
"750","1"
"751","2"
"752","13"
"753","5"
"754","5"
"755","6"
"756","4"
"757","1"
"758","19"
"759","6"
"760","6"
"761","5"
"762","6"
"763","1"
"764","2"
"765","19"
"766","2"
"767","6"
"768","15"
"769","1"
"770","1"
"771","5"
"772","6"
"773","19"
"774","2"
"775","1"
"776","6"
"777","6"
"778","2"
"779","20"
"780","4"
"781","1"
"782","1"
"783","1"
"784","4"
"785","19"
"786","6"
"787","20"
"788","1"
"789","2"
"790","19"
"791","6"
"792","2"
"793","6"
"794","6"
"795","13"
"796","19"
"797","6"
"798","6"
"799","19"
"800","6"
"801","6"
"802","6"
"803","2"
"804","3"
"805","6"
"806","6"
"807","6"
"808","6"
"809","6"
"810","3"
"811","10"
"812","6"
"813","1"
"814","2"
"815","2"
"816","19"
"817","1"
"818","1"
"819","6"
"820","1"
"821","6"
"822","3"
"823","2"
"824","6"
"825","1"
"826","1"
"827","3"
"828","6"
"829","6"
"830","3"
"831","6"
"832","2"
"833","5"
"834","1"
"835","6"
"836","6"
"837","1"
"838","1"
"839","5"
"840","6"
"841","6"
"842","3"
"843","6"
"844","5"
"845","3"
"846","1"
"847","6"
"848","1"
"849","6"
"850","20"
"851","3"
"852","6"
"853","6"
"854","6"
"855","6"
"856","6"
"857","6"
"858","1"
"859","19"
"860","6"
"861","6"
"862","6"
"863","6"
"864","1"
"865","1"
"866","1"
"867","6"
"868","2"
"869","6"
"870","6"
"871","3"
"872","2"
"873","11"
"874","1"
"875","6"
"876","1"
"877","6"
"878","5"
"879","6"
"880","5"
"881","1"
"882","6"
"883","6"
"884","6"
"885","3"
"886","6"
"887","6"
"888","6"
"889","3"
"890","1"
"891","6"
"892","6"
"893","1"
"894","19"
"895","6"
"896","6"
"897","6"
"898","3"
"899","1"
"900","6"
"901","6"
"902","17"
"903","2"
"904","6"
"905","5"
"906","6"
"907","1"
"908","19"
"909","6"
"910","1"
"911","2"
"912","6"
"913","6"
"914","6"
"915","6"
"916","6"
"917","19"
"918","6"
"919","6"
"920","6"
"921","19"
"922","6"
"923","3"
"924","6"
"925","6"
"926","1"
"927","6"
"928","6"
"929","6"
"930","6"
"931","6"
"932","6"
"933","19"
"934","6"
"935","6"
"936","6"
"937","6"
"938","6"
"939","6"
"940","2"
"941","6"
"942","3"
"943","11"
"944","1"
"945","6"
"946","6"
"947","6"
"948","1"
"949","1"
"950","15"
"951","3"
"952","6"
"953","6"
"954","1"
"955","1"
"956","13"
"957","6"
"958","1"
"959","6"
"960","6"
"961","6"
"962","6"
"963","2"
"964","1"
"965","3"
"966","1"
"967","6"
"968","17"
"969","8"
"970","6"
"971","6"
"972","19"
"973","6"
"974","20"
"975","1"
"976","6"
"977","1"
"978","1"
"979","4"
"980","3"
"981","13"
"982","6"
"983","2"
"984","6"
"985","3"
"986","19"
"987","4"
"988","6"
"989","6"
"990","1"
"991","1"
"992","6"
"993","6"
"994","1"
"995","11"
"996","19"
"997","2"
"998","6"
"999","6"
"1000","6"
"1001","6"
"1002","1"
"1003","11"
"1004","6"
"1005","6"
"1006","2"
"1007","6"
"1008","1"
"1009","6"
"1010","1"
"1011","2"
"1012","15"
"1013","6"
"1014","1"
"1015","2"
"1016","6"
"1017","3"
"1018","1"
"1019","1"
"1020","6"
"1021","3"
"1022","1"
"1023","1"
"1024","6"
"1025","2"
"1026","1"
"1027","6"
"1028","11"
"1029","6"
"1030","1"
"1031","6"
"1032","6"
"1033","6"
"1034","6"
"1035","2"
"1036","8"
"1037","16"
"1038","6"
"1039","5"
"1040","6"
"1041","1"
"1042","6"
"1043","6"
"1044","6"
"1045","16"
"1046","1"
"1047","6"
"1048","3"
"1049","11"
"1050","2"
"1051","6"
"1052","6"
"1053","3"
"1054","6"
"1055","6"
"1056","16"
"1057","6"
"1058","3"
"1059","1"
"1060","6"
"1061","6"
"1062","1"
"1063","14"
"1064","6"
"1065","3"
"1066","2"
"1067","6"
"1068","1"
"1069","6"
"1070","6"
"1071","6"
"1072","1"
"1073","2"
"1074","4"
"1075","3"
"1076","20"
"1077","10"
"1078","6"
"1079","6"
"1080","1"
"1081","1"
"1082","1"
"1083","1"
"1084","5"
"1085","1"
"1086","19"
"1087","1"
"1088","1"
"1089","3"
"1090","5"
"1091","6"
"1092","6"
"1093","6"
"1094","1"
"1095","6"
"1096","6"
"1097","6"
"1098","2"
"1099","1"
"1100","6"
"1101","6"
"1102","6"
"1103","5"
"1104","6"
"1105","2"
"1106","6"
"1107","1"
"1108","16"
"1109","12"
"1110","6"
"1111","2"
"1112","1"
"1113","3"
"1114","19"
"1115","1"
"1116","3"
"1117","4"
"1118","6"
"1119","6"
"1120","3"
"1121","6"
"1122","3"
"1123","6"
"1124","6"
"1125","1"
"1126","1"
"1127","6"
"1128","3"
"1129","6"
"1130","6"
"1131","4"
"1132","1"
"1133","6"
"1134","1"
"1135","6"
"1136","6"
"1137","6"
"1138","6"
"1139","1"
"1140","6"
"1141","5"
"1142","3"
"1143","1"
"1144","6"
"1145","5"
"1146","5"
"1147","6"
"1148","6"
"1149","13"
"1150","6"
"1151","6"
"1152","1"
"1153","1"
"1154","6"
"1155","2"
"1156","1"
"1157","6"
"1158","1"
"1159","6"
"1160","6"
"1161","6"
"1162","6"
"1163","3"
"1164","1"
"1165","6"
"1166","3"
"1167","6"
"1168","2"
"1169","6"
"1170","3"
"1171","6"
"1172","6"
"1173","6"
"1174","6"
"1175","3"
"1176","6"
"1177","1"
"1178","6"
"1179","6"
"1180","6"
"1181","6"
"1182","6"
"1183","1"
"1184","6"
"1185","5"
"1186","6"
"1187","3"
"1188","5"
"1189","1"
"1190","1"
"1191","2"
"1192","6"
"1193","2"
"1194","3"
"1195","6"
"1196","1"
"1197","6"
"1198","1"
"1199","6"
"1200","2"
"1201","4"
"1202","1"
"1203","16"
"1204","5"
"1205","7"
"1206","3"
"1207","3"
"1208","6"
"1209","2"
"1210","6"
"1211","3"
"1212","6"
"1213","6"
"1214","6"
"1215","6"
"1216","13"
"1217","6"
"1218","6"
"1219","6"
"1220","3"
"1221","2"
"1222","1"
"1223","6"
"1224","1"
"1225","6"
"1226","1"
"1227","3"
"1228","6"
"1229","6"
"1230","2"
"1231","3"
"1232","6"
"1233","6"
"1234","6"
"1235","6"
"1236","6"
"1237","6"
"1238","6"
"1239","6"
"1240","3"
"1241","6"
"1242","6"
"1243","6"
"1244","1"
"1245","6"
"1246","6"
"1247","6"
"1248","6"
"1249","6"
"1250","6"
"1251","3"
"1252","6"
"1253","1"
"1254","6"
"1255","6"
"1256","6"
"1257","6"
"1258","6"
"1259","2"
"1260","1"
"1261","5"
"1262","6"
"1263","6"
"1264","6"
"1265","1"
"1266","1"
"1267","6"
"1268","6"
"1269","6"
"1270","1"
"1271","1"
"1272","6"
"1273","6"
"1274","6"
"1275","1"
"1276","1"
"1277","6"
"1278","6"
"1279","6"
"1280","1"
"1281","1"
"1282","3"
"1283","6"
"1284","4"
"1285","6"
"1286","6"
"1287","1"
"1288","6"
"1289","6"
"1290","6"
"1291","19"
"1292","6"
"1293","5"
"1294","6"
"1295","1"
"1296","6"
"1297","1"
"1298","6"
"1299","6"
"1300","6"
"1301","3"
"1302","3"
"1303","1"
"1304","6"
"1305","1"
"1306","6"
"1307","1"
"1308","6"
"1309","2"
"1310","6"
"1311","6"
"1312","2"
"1313","2"
"1314","6"
"1315","6"
"1316","6"
"1317","1"
"1318","6"
"1319","2"
"1320","2"
"1321","6"
"1322","1"
"1323","6"
"1324","6"
"1325","3"
"1326","1"
"1327","6"
"1328","1"
"1329","5"
"1330","6"
"1331","6"
"1332","17"
"1333","1"
"1334","1"
"1335","6"
"1336","6"
"1337","2"
"1338","19"
"1339","2"
"1340","6"
"1341","17"
"1342","6"
"1343","6"
"1344","16"
"1345","6"
"1346","1"
"1347","1"
"1348","6"
"1349","3"
"1350","2"
"1351","6"
"1352","2"
"1353","10"
"1354","6"
"1355","1"
"1356","2"
"1357","3"
"1358","1"
"1359","6"
"1360","1"
"1361","3"
"1362","6"
"1363","6"
"1364","6"
"1365","6"
"1366","2"
"1367","6"
"1368","2"
"1369","11"
"1370","1"
"1371","1"
"1372","1"
"1373","1"
"1374","5"
"1375","6"
"1376","1"
"1377","1"
"1378","5"
"1379","1"
"1380","6"
"1381","2"
"1382","6"
"1383","3"
"1384","3"
"1385","6"
"1386","6"
"1387","2"
"1388","6"
"1389","1"
"1390","3"
"1391","6"
"1392","1"
"1393","6"
"1394","6"
"1395","1"
"1396","6"
"1397","3"
"1398","6"
"1399","2"
"1400","7"
"1401","6"
"1402","6"
"1403","6"
"1404","6"
"1405","19"
"1406","20"
"1407","6"
"1408","6"
"1409","3"
"1410","6"
"1411","1"
"1412","1"
"1413","5"
"1414","3"
"1415","6"
"1416","6"
"1417","6"
"1418","6"
"1419","2"
"1420","6"
"1421","6"
"1422","3"
"1423","3"
"1424","3"
"1425","18"
"1426","6"
"1427","1"
"1428","6"
"1429","6"
"1430","1"
"1431","6"
"1432","5"
"1433","6"
"1434","1"
"1435","1"
"1436","6"
"1437","3"
"1438","6"
"1439","6"
"1440","6"
"1441","1"
"1442","3"
"1443","2"
"1444","6"
"1445","1"
"1446","6"
"1447","1"
"1448","13"
"1449","6"
"1450","6"
"1451","6"
"1452","6"
"1453","6"
"1454","6"
"1455","7"
"1456","3"
"1457","2"
"1458","3"
"1459","6"
"1460","6"
"1461","13"
"1462","6"
"1463","6"
"1464","6"
"1465","6"
"1466","3"
"1467","6"
"1468","6"
"1469","6"
"1470","19"
"1471","6"
"1472","6"
"1473","1"
"1474","1"
"1475","6"
"1476","6"
"1477","1"
"1478","13"
"1479","6"
"1480","6"
"1481","2"
"1482","6"
"1483","1"
"1484","1"
"1485","3"
"1486","6"
"1487","6"
"1488","6"
"1489","2"
"1490","6"
"1491","6"
"1492","6"
"1493","6"
"1494","1"
"1495","6"
"1496","1"
"1497","2"
"1498","1"
"1499","3"
"1500","1"
"1501","6"
"1502","5"
"1503","17"
"1504","1"
"1505","11"
"1506","6"
"1507","1"
"1508","3"
"1509","11"
"1510","3"
"1511","3"
"1512","6"
"1513","3"
"1514","3"
"1515","11"
"1516","2"
"1517","3"
"1518","6"
"1519","1"
"1520","1"
"1521","6"
"1522","6"
"1523","1"
"1524","6"
"1525","1"
"1526","1"
"1527","6"
"1528","2"
"1529","6"
"1530","5"
"1531","3"
"1532","6"
"1533","3"
"1534","6"
"1535","1"
"1536","3"
"1537","6"
"1538","2"
"1539","6"
"1540","1"
"1541","6"
"1542","11"
"1543","6"
"1544","5"
"1545","6"
"1546","2"
"1547","6"
"1548","6"
"1549","6"
"1550","1"
"1551","1"
"1552","6"
"1553","3"
"1554","6"
"1555","6"
"1556","6"
"1557","6"
"1558","1"
"1559","1"
"1560","1"
"1561","13"
"1562","3"
"1563","4"
"1564","3"
"1565","3"
"1566","1"
"1567","1"
"1568","6"
"1569","1"
"1570","6"
"1571","17"
"1572","6"
"1573","1"
"1574","6"
"1575","6"
"1576","18"
"1577","14"
"1578","6"
"1579","6"
"1580","1"
"1581","6"
"1582","3"
"1583","4"
"1584","6"
"1585","6"
"1586","1"
"1587","6"
"1588","1"
"1589","1"
"1590","13"
"1591","6"
"1592","6"
"1593","3"
"1594","6"
"1595","1"
"1596","6"
"1597","3"
"1598","6"
"1599","19"
"1600","6"
"1601","1"
"1602","13"
"1603","3"
"1604","1"
"1605","13"
"1606","3"
"1607","1"
"1608","19"
"1609","3"
"1610","6"
"1611","7"
"1612","1"
"1613","20"
"1614","1"
"1615","1"
"1616","19"
"1617","6"
"1618","6"
"1619","6"
"1620","3"
"1621","1"
"1622","7"
"1623","6"
"1624","10"
"1625","6"
"1626","6"
"1627","6"
"1628","1"
"1629","2"
"1630","7"
"1631","6"
"1632","3"
"1633","6"
"1634","6"
"1635","1"
"1636","6"
"1637","6"
"1638","6"
"1639","7"
"1640","6"
"1641","19"
"1642","13"
"1643","6"
"1644","6"
"1645","3"
"1646","2"
"1647","6"
"1648","2"
"1649","1"
"1650","6"
"1651","10"
"1652","3"
"1653","6"
"1654","18"
"1655","6"
"1656","6"
"1657","6"
"1658","6"
"1659","6"
"1660","6"
"1661","2"
"1662","12"
"1663","1"
"1664","6"
"1665","5"
"1666","2"
"1667","2"
"1668","6"
"1669","6"
"1670","6"
"1671","2"
"1672","3"
"1673","3"
"1674","6"
"1675","6"
"1676","1"
"1677","2"
"1678","3"
"1679","6"
"1680","1"
"1681","2"
"1682","4"
"1683","19"
"1684","3"
"1685","1"
"1686","6"
"1687","1"
"1688","1"
"1689","6"
"1690","2"
"1691","6"
"1692","6"
"1693","6"
"1694","1"
"1695","6"
"1696","6"
"1697","6"
"1698","6"
"1699","5"
"1700","6"
"1701","6"
"1702","2"
"1703","6"
"1704","6"
"1705","6"
"1706","6"
"1707","1"
"1708","6"
"1709","6"
"1710","3"
"1711","3"
"1712","1"
"1713","1"
"1714","1"
"1715","6"
"1716","1"
"1717","1"
"1718","1"
"1719","6"
"1720","6"
"1721","6"
"1722","1"
"1723","6"
"1724","5"
"1725","6"
"1726","6"
"1727","1"
"1728","6"
"1729","1"
"1730","1"
"1731","6"
"1732","6"
"1733","5"
"1734","6"
"1735","6"
"1736","2"
"1737","6"
"1738","6"
"1739","3"
"1740","6"
"1741","5"
"1742","5"
"1743","2"
"1744","20"
"1745","5"
"1746","1"
"1747","6"
"1748","6"
"1749","1"
"1750","6"
"1751","1"
"1752","6"
"1753","6"
"1754","3"
"1755","6"
"1756","3"
"1757","1"
"1758","2"
"1759","6"
"1760","1"
"1761","6"
"1762","6"
"1763","1"
"1764","1"
"1765","6"
"1766","3"
"1767","1"
"1768","19"
"1769","6"
"1770","3"
"1771","3"
"1772","4"
"1773","4"
"1774","16"
"1775","1"
"1776","19"
"1777","6"
"1778","1"
"1779","6"
"1780","6"
"1781","1"
"1782","19"
"1783","6"
"1784","6"
"1785","1"
"1786","3"
"1787","6"
"1788","3"
"1789","6"
"1790","6"
"1791","6"
"1792","3"
"1793","6"
"1794","6"
"1795","3"
"1796","1"
"1797","4"
"1798","6"
"1799","6"
"1800","5"
"1801","6"
"1802","6"
"1803","6"
"1804","6"
"1805","6"
"1806","6"
"1807","6"
"1808","6"
"1809","1"
"1810","3"
"1811","3"
"1812","6"
"1813","6"
"1814","6"
"1815","7"
"1816","6"
"1817","6"
"1818","6"
"1819","1"
"1820","2"
"1821","3"
"1822","3"
"1823","2"
"1824","6"
"1825","6"
"1826","6"
"1827","3"
"1828","5"
"1829","3"
"1830","19"
"1831","6"
"1832","6"
"1833","6"
"1834","1"
"1835","2"
"1836","1"
"1837","6"
"1838","1"
"1839","2"
"1840","2"
"1841","6"
"1842","6"
"1843","6"
"1844","6"
"1845","6"
"1846","2"
"1847","4"
"1848","15"
"1849","6"
"1850","6"
"1851","16"
"1852","6"
"1853","6"
"1854","6"
"1855","6"
"1856","6"
"1857","6"
"1858","6"
"1859","2"
"1860","6"
"1861","4"
"1862","3"
"1863","6"
"1864","2"
"1865","2"
"1866","6"
"1867","2"
"1868","6"
"1869","12"
"1870","6"
"1871","19"
"1872","4"
"1873","3"
"1874","6"
"1875","6"
"1876","6"
"1877","6"
"1878","6"
"1879","6"
"1880","6"
"1881","1"
"1882","3"
"1883","5"
"1884","6"
"1885","2"
"1886","4"
"1887","6"
"1888","17"
"1889","3"
"1890","6"
"1891","3"
"1892","3"
"1893","1"
"1894","1"
"1895","6"
"1896","3"
"1897","1"
"1898","1"
"1899","6"
"1900","2"
"1901","6"
"1902","1"
"1903","1"
"1904","6"
"1905","6"
"1906","6"
"1907","2"
"1908","1"
"1909","6"
"1910","3"
"1911","6"
"1912","6"
"1913","5"
"1914","20"
"1915","1"
"1916","17"
"1917","3"
"1918","6"
"1919","6"
"1920","5"
"1921","16"
"1922","5"
"1923","6"
"1924","3"
"1925","6"
"1926","6"
"1927","6"
"1928","6"
"1929","6"
"1930","1"
"1931","2"
"1932","6"
"1933","5"
"1934","1"
"1935","3"
"1936","6"
"1937","2"
"1938","2"
"1939","1"
"1940","2"
"1941","6"
"1942","1"
"1943","6"
"1944","6"
"1945","1"
"1946","6"
"1947","4"
"1948","3"
"1949","1"
"1950","1"
"1951","1"
"1952","3"
"1953","1"
"1954","1"
"1955","6"
"1956","6"
"1957","6"
"1958","1"
"1959","13"
"1960","3"
"1961","6"
"1962","6"
"1963","6"
"1964","3"
"1965","19"
"1966","1"
"1967","1"
"1968","1"
"1969","7"
"1970","6"
"1971","6"
"1972","6"
"1973","6"
"1974","1"
"1975","1"
"1976","6"
"1977","6"
"1978","1"
"1979","6"
"1980","3"
"1981","2"
"1982","6"
"1983","1"
"1984","1"
"1985","6"
"1986","6"
"1987","1"
"1988","5"
"1989","11"
"1990","3"
"1991","1"
"1992","6"
"1993","3"
"1994","6"
"1995","6"
"1996","19"
"1997","19"
"1998","3"
"1999","3"
"2000","6"
"2001","1"
"2002","6"
"2003","19"
"2004","1"
"2005","6"
"2006","1"
"2007","5"
"2008","6"
"2009","3"
"2010","4"
"2011","6"
"2012","6"
"2013","3"
"2014","2"
"2015","1"
"2016","3"
"2017","19"
"2018","8"
"2019","6"
"2020","6"
"2021","3"
"2022","1"
"2023","1"
"2024","1"
"2025","6"
"2026","6"
"2027","6"
"2028","1"
"2029","3"
"2030","3"
"2031","6"
"2032","3"
"2033","6"
"2034","20"
"2035","1"
"2036","6"
"2037","3"
"2038","6"
"2039","2"
"2040","6"
"2041","6"
"2042","6"
"2043","10"
"2044","5"
"2045","6"
"2046","1"
"2047","6"
"2048","3"
"2049","1"
"2050","6"
"2051","6"
"2052","6"
"2053","6"
"2054","1"
"2055","6"
"2056","6"
"2057","9"
"2058","2"
"2059","6"
"2060","1"
"2061","6"
"2062","1"
"2063","1"
"2064","6"
"2065","6"
"2066","6"
"2067","3"
"2068","2"
"2069","6"
"2070","1"
"2071","20"
"2072","2"
"2073","5"
"2074","2"
"2075","6"
"2076","6"
"2077","6"
"2078","1"
"2079","6"
"2080","2"
"2081","6"
"2082","6"
"2083","6"
"2084","10"
"2085","6"
"2086","6"
"2087","11"
"2088","2"
"2089","2"
"2090","6"
"2091","1"
"2092","11"
"2093","6"
"2094","6"
"2095","6"
"2096","3"
"2097","6"
"2098","6"
"2099","5"
"2100","1"
"2101","6"
"2102","3"
"2103","6"
"2104","6"
"2105","6"
"2106","6"
"2107","13"
"2108","1"
"2109","10"
"2110","5"
"2111","6"
"2112","6"
"2113","3"
"2114","6"
"2115","1"
"2116","6"
"2117","2"
"2118","6"
"2119","6"
"2120","6"
"2121","6"
"2122","6"
"2123","6"
"2124","14"
"2125","6"
"2126","3"
"2127","6"
"2128","6"
"2129","6"
"2130","1"
"2131","1"
"2132","6"
"2133","6"
"2134","6"
"2135","6"
"2136","1"
"2137","3"
"2138","6"
"2139","6"
"2140","6"
"2141","6"
"2142","5"
"2143","6"
"2144","2"
"2145","6"
"2146","3"
"2147","6"
"2148","1"
"2149","1"
"2150","6"
"2151","6"
"2152","6"
"2153","3"
"2154","1"
"2155","3"
"2156","3"
"2157","6"
"2158","6"
"2159","1"
"2160","6"
"2161","6"
"2162","6"
"2163","2"
"2164","1"
"2165","2"
"2166","6"
"2167","16"
"2168","6"
"2169","5"
"2170","6"
"2171","19"
"2172","6"
"2173","1"
"2174","6"
"2175","6"
"2176","3"
"2177","6"
"2178","2"
"2179","2"
"2180","6"
"2181","4"
"2182","2"
"2183","6"
"2184","6"
"2185","1"
"2186","1"
"2187","4"
"2188","6"
"2189","6"
"2190","6"
"2191","2"
"2192","1"
"2193","3"
"2194","6"
"2195","3"
"2196","3"
"2197","3"
"2198","4"
"2199","1"
"2200","6"
"2201","6"
"2202","1"
"2203","2"
"2204","6"
"2205","6"
"2206","1"
"2207","1"
"2208","1"
"2209","1"
"2210","1"
"2211","1"
"2212","3"
"2213","3"
"2214","5"
"2215","6"
"2216","1"
"2217","1"
"2218","6"
"2219","6"
"2220","3"
"2221","6"
"2222","6"
"2223","6"
"2224","6"
"2225","1"
"2226","6"
"2227","1"
"2228","1"
"2229","3"
"2230","6"
"2231","1"
"2232","6"
"2233","14"
"2234","6"
"2235","19"
"2236","6"
"2237","6"
"2238","6"
"2239","6"
"2240","6"
"2241","16"
"2242","2"
"2243","6"
"2244","6"
"2245","1"
"2246","2"
"2247","6"
"2248","1"
"2249","6"
"2250","2"
"2251","19"
"2252","20"
"2253","1"
"2254","6"
"2255","6"
"2256","3"
"2257","6"
"2258","6"
"2259","6"
"2260","6"
"2261","19"
"2262","6"
"2263","6"
"2264","2"
"2265","6"
"2266","2"
"2267","6"
"2268","3"
"2269","3"
"2270","6"
"2271","6"
"2272","6"
"2273","6"
"2274","6"
"2275","8"
"2276","4"
"2277","6"
"2278","1"
"2279","6"
"2280","1"
"2281","6"
"2282","6"
"2283","2"
"2284","11"
"2285","1"
"2286","6"
"2287","1"
"2288","6"
"2289","6"
"2290","1"
"2291","6"
"2292","6"
"2293","3"
"2294","2"
"2295","6"
"2296","6"
"2297","1"
"2298","6"
"2299","10"
"2300","19"
"2301","3"
"2302","3"
"2303","6"
"2304","6"
"2305","6"
"2306","1"
"2307","6"
"2308","1"
"2309","2"
"2310","3"
"2311","1"
"2312","5"
"2313","6"
"2314","2"
"2315","6"
"2316","1"
"2317","6"
"2318","2"
"2319","6"
"2320","2"
"2321","6"
"2322","6"
"2323","3"
"2324","1"
"2325","3"
"2326","2"
"2327","11"
"2328","1"
"2329","6"
"2330","2"
"2331","6"
"2332","6"
"2333","6"
"2334","1"
"2335","2"
"2336","6"
"2337","3"
"2338","6"
"2339","6"
"2340","14"
"2341","6"
"2342","2"
"2343","8"
"2344","1"
"2345","6"
"2346","1"
"2347","5"
"2348","5"
"2349","6"
"2350","6"
"2351","8"
"2352","1"
"2353","1"
"2354","6"
"2355","2"
"2356","6"
"2357","6"
"2358","6"
"2359","6"
"2360","7"
"2361","6"
"2362","6"
"2363","6"
"2364","8"
"2365","4"
"2366","6"
"2367","3"
"2368","1"
"2369","2"
"2370","1"
"2371","6"
"2372","3"
"2373","6"
"2374","1"
"2375","6"
"2376","3"
"2377","1"
"2378","1"
"2379","6"
"2380","6"
"2381","6"
"2382","2"
"2383","6"
"2384","6"
"2385","14"
"2386","1"
"2387","1"
"2388","3"
"2389","5"
"2390","6"
"2391","1"
"2392","2"
"2393","6"
"2394","6"
"2395","1"
"2396","3"
"2397","6"
"2398","6"
"2399","3"
"2400","6"
"2401","3"
"2402","6"
"2403","1"
"2404","6"
"2405","4"
"2406","6"
"2407","1"
"2408","1"
"2409","7"
"2410","3"
"2411","6"
"2412","2"
"2413","1"
"2414","4"
"2415","3"
"2416","1"
"2417","6"
"2418","8"
"2419","2"
"2420","6"
"2421","1"
"2422","6"
"2423","1"
"2424","6"
"2425","6"
"2426","2"
"2427","8"
"2428","11"
"2429","11"
"2430","6"
"2431","6"
"2432","3"
"2433","1"
"2434","1"
"2435","6"
"2436","3"
"2437","3"
"2438","4"
"2439","2"
"2440","6"
"2441","1"
"2442","6"
"2443","2"
"2444","3"
"2445","6"
"2446","2"
"2447","3"
"2448","20"
"2449","6"
"2450","1"
"2451","5"
"2452","6"
"2453","1"
"2454","1"
"2455","6"
"2456","3"
"2457","5"
"2458","4"
"2459","5"
"2460","6"
"2461","3"
"2462","6"
"2463","3"
"2464","4"
"2465","1"
"2466","1"
"2467","6"
"2468","17"
"2469","6"
"2470","1"
"2471","3"
"2472","6"
"2473","3"
"2474","6"
"2475","7"
"2476","6"
"2477","6"
"2478","2"
"2479","1"
"2480","6"
"2481","6"
"2482","1"
"2483","6"
"2484","1"
"2485","6"
"2486","6"
"2487","3"
"2488","6"
"2489","11"
"2490","11"
"2491","5"
"2492","6"
"2493","3"
"2494","1"
"2495","3"
"2496","6"
"2497","3"
"2498","6"
"2499","6"
"2500","4"
"2501","6"
"2502","6"
"2503","3"
"2504","6"
"2505","1"
"2506","6"
"2507","1"
"2508","6"
"2509","1"
"2510","8"
"2511","6"
"2512","4"
"2513","2"
"2514","2"
"2515","1"
"2516","6"
"2517","1"
"2518","1"
"2519","6"
"2520","12"
"2521","6"
"2522","3"
"2523","3"
"2524","6"
"2525","6"
"2526","6"
"2527","6"
"2528","6"
"2529","2"
"2530","1"
"2531","1"
"2532","1"
"2533","1"
"2534","3"
"2535","2"
"2536","2"
"2537","2"
"2538","6"
"2539","6"
"2540","3"
"2541","13"
"2542","1"
"2543","6"
"2544","20"
"2545","6"
"2546","6"
"2547","2"
"2548","6"
"2549","3"
"2550","6"
"2551","3"
"2552","6"
"2553","1"
"2554","3"
"2555","3"
"2556","1"
"2557","6"
"2558","1"
"2559","6"
"2560","6"
"2561","6"
"2562","6"
"2563","2"
"2564","6"
"2565","6"
"2566","3"
"2567","20"
"2568","6"
"2569","1"
"2570","6"
"2571","6"
"2572","6"
"2573","1"
"2574","3"
"2575","6"
"2576","1"
"2577","6"
"2578","1"
"2579","6"
"2580","6"
"2581","1"
"2582","6"
"2583","6"
"2584","1"
"2585","6"
"2586","3"
"2587","2"
"2588","2"
"2589","6"
"2590","6"
"2591","6"
"2592","6"
"2593","6"
"2594","6"
"2595","5"
"2596","1"
"2597","1"
"2598","3"
"2599","6"
"2600","6"
"2601","6"
"2602","6"
"2603","3"
"2604","1"
"2605","1"
"2606","3"
"2607","6"
"2608","1"
"2609","4"
"2610","6"
"2611","6"
"2612","3"
"2613","7"
"2614","6"
"2615","6"
"2616","6"
"2617","1"
"2618","6"
"2619","20"
"2620","6"
"2621","3"
"2622","3"
"2623","6"
"2624","1"
"2625","1"
"2626","6"
"2627","6"
"2628","2"
"2629","20"
"2630","3"
"2631","1"
"2632","6"
"2633","3"
"2634","3"
"2635","1"
"2636","6"
"2637","2"
"2638","6"
"2639","6"
"2640","6"
"2641","6"
"2642","6"
"2643","3"
"2644","6"
"2645","6"
"2646","6"
"2647","1"
"2648","11"
"2649","6"
"2650","3"
"2651","6"
"2652","4"
"2653","6"
"2654","1"
"2655","6"
"2656","1"
"2657","6"
"2658","8"
"2659","1"
"2660","19"
"2661","2"
"2662","6"
"2663","19"
"2664","6"
"2665","6"
"2666","2"
"2667","1"
"2668","5"
"2669","3"
"2670","6"
"2671","1"
"2672","6"
"2673","2"
"2674","3"
"2675","3"
"2676","6"
"2677","6"
"2678","6"
"2679","6"
"2680","6"
"2681","1"
"2682","2"
"2683","12"
"2684","1"
"2685","1"
"2686","1"
"2687","6"
"2688","6"
"2689","3"
"2690","6"
"2691","6"
"2692","3"
"2693","1"
"2694","1"
"2695","4"
"2696","3"
"2697","6"
"2698","6"
"2699","2"
"2700","5"
"2701","3"
"2702","3"
"2703","1"
"2704","3"
"2705","6"
"2706","1"
"2707","6"
"2708","9"
"2709","6"
"2710","1"
"2711","6"
"2712","6"
"2713","1"
"2714","6"
"2715","6"
"2716","3"
"2717","3"
"2718","1"
"2719","3"
"2720","5"
"2721","6"
"2722","6"
"2723","3"
"2724","7"
"2725","6"
"2726","1"
"2727","6"
"2728","6"
"2729","8"
"2730","6"
"2731","6"
"2732","6"
"2733","6"
"2734","6"
"2735","6"
"2736","6"
"2737","5"
"2738","6"
"2739","5"
"2740","19"
"2741","6"
"2742","6"
"2743","6"
"2744","6"
"2745","1"
"2746","5"
"2747","6"
"2748","7"
"2749","3"
"2750","6"
"2751","1"
"2752","6"
"2753","3"
"2754","6"
"2755","6"
"2756","6"
"2757","6"
"2758","1"
"2759","6"
"2760","19"
"2761","2"
"2762","6"
"2763","3"
"2764","6"
"2765","4"
"2766","6"
"2767","3"
"2768","6"
"2769","1"
"2770","6"
"2771","6"
"2772","1"
"2773","1"
"2774","6"
"2775","6"
"2776","6"
"2777","1"
"2778","3"
"2779","6"
"2780","1"
"2781","6"
"2782","19"
"2783","1"
"2784","1"
"2785","6"
"2786","1"
"2787","6"
"2788","6"
"2789","2"
"2790","6"
"2791","3"
"2792","1"
"2793","6"
"2794","8"
"2795","2"
"2796","5"
"2797","1"
"2798","2"
"2799","6"
"2800","6"
"2801","6"
"2802","3"
"2803","1"
"2804","1"
"2805","3"
"2806","1"
"2807","6"
"2808","6"
"2809","3"
"2810","12"
"2811","5"
"2812","6"
"2813","6"
"2814","4"
"2815","6"
"2816","6"
"2817","6"
"2818","9"
"2819","2"
"2820","1"
"2821","1"
"2822","1"
"2823","6"
"2824","6"
"2825","6"
"2826","6"
"2827","2"
"2828","1"
"2829","6"
"2830","3"
"2831","2"
"2832","1"
"2833","6"
"2834","1"
"2835","6"
"2836","2"
"2837","6"
"2838","4"
"2839","3"
"2840","6"
"2841","15"
"2842","4"
"2843","1"
"2844","1"
"2845","1"
"2846","1"
"2847","1"
"2848","6"
"2849","2"
"2850","6"
"2851","1"
"2852","6"
"2853","6"
"2854","6"
"2855","1"
"2856","1"
"2857","20"
"2858","1"
"2859","6"
"2860","1"
"2861","6"
"2862","2"
"2863","6"
"2864","6"
"2865","6"
"2866","6"
"2867","6"
"2868","6"
"2869","5"
"2870","6"
"2871","2"
"2872","6"
"2873","4"
"2874","2"
"2875","1"
"2876","6"
"2877","3"
"2878","6"
"2879","6"
"2880","4"
"2881","3"
"2882","3"
"2883","6"
"2884","6"
"2885","6"
"2886","3"
"2887","11"
"2888","2"
"2889","3"
"2890","6"
"2891","2"
"2892","6"
"2893","5"
"2894","2"
"2895","6"
"2896","1"
"2897","6"
"2898","6"
"2899","6"
"2900","6"
"2901","1"
"2902","6"
"2903","6"
"2904","2"
"2905","6"
"2906","3"
"2907","6"
"2908","6"
"2909","2"
"2910","3"
"2911","6"
"2912","2"
"2913","1"
"2914","6"
"2915","3"
"2916","6"
"2917","6"
"2918","6"
"2919","6"
"2920","6"
"2921","6"
"2922","6"
"2923","1"
"2924","5"
"2925","1"
"2926","5"
"2927","6"
"2928","1"
"2929","6"
"2930","11"
"2931","3"
"2932","1"
"2933","1"
"2934","3"
"2935","3"
"2936","3"
"2937","1"
"2938","1"
"2939","5"
"2940","6"
"2941","6"
"2942","6"
"2943","9"
"2944","1"
"2945","4"
"2946","6"
"2947","6"
"2948","6"
"2949","6"
"2950","5"
"2951","2"
"2952","6"
"2953","2"
"2954","6"
"2955","6"
"2956","6"
"2957","1"
"2958","1"
"2959","1"
"2960","6"
"2961","1"
"2962","3"
"2963","3"
"2964","20"
"2965","6"
"2966","2"
"2967","6"
"2968","2"
"2969","6"
"2970","1"
"2971","1"
"2972","3"
"2973","6"
"2974","6"
"2975","6"
"2976","1"
"2977","1"
"2978","11"
"2979","6"
"2980","5"
"2981","1"
"2982","1"
"2983","2"
"2984","7"
"2985","6"
"2986","2"
"2987","6"
"2988","3"
"2989","6"
"2990","4"
"2991","6"
"2992","1"
"2993","6"
"2994","6"
"2995","1"
"2996","2"
"2997","6"
"2998","1"
"2999","1"
"3000","6"
"3001","6"
"3002","2"
"3003","6"
"3004","6"
"3005","6"
"3006","6"
"3007","3"
"3008","2"
"3009","3"
"3010","1"
"3011","14"
"3012","1"
"3013","1"
"3014","4"
"3015","1"
"3016","3"
"3017","6"
"3018","6"
"3019","19"
"3020","6"
"3021","7"
"3022","3"
"3023","1"
"3024","6"
"3025","1"
"3026","8"
"3027","3"
"3028","2"
"3029","3"
"3030","19"
"3031","4"
"3032","1"
"3033","3"
"3034","6"
"3035","1"
"3036","3"
"3037","2"
"3038","6"
"3039","1"
"3040","5"
"3041","7"
"3042","3"
"3043","1"
"3044","6"
"3045","6"
"3046","20"
"3047","6"
"3048","3"
"3049","6"
"3050","3"
"3051","1"
"3052","5"
"3053","1"
"3054","6"
"3055","6"
"3056","6"
"3057","6"
"3058","1"
"3059","6"
"3060","2"
"3061","6"
"3062","6"
"3063","4"
"3064","6"
"3065","3"
"3066","6"
"3067","1"
"3068","11"
"3069","6"
"3070","6"
"3071","6"
"3072","6"
"3073","2"
"3074","6"
"3075","6"
"3076","10"
"3077","6"
"3078","2"
"3079","6"
"3080","6"
"3081","6"
"3082","1"
"3083","1"
"3084","11"
"3085","13"
"3086","1"
"3087","6"
"3088","6"
"3089","5"
"3090","1"
"3091","3"
"3092","20"
"3093","2"
"3094","1"
"3095","1"
"3096","6"
"3097","6"
"3098","6"
"3099","6"
"3100","10"
"3101","2"
"3102","5"
"3103","3"
"3104","6"
"3105","6"
"3106","6"
"3107","6"
"3108","6"
"3109","6"
"3110","6"
"3111","1"
"3112","6"
"3113","2"
"3114","2"
"3115","1"
"3116","1"
"3117","1"
"3118","6"
"3119","5"
"3120","1"
"3121","6"
"3122","6"
"3123","6"
"3124","6"
"3125","2"
"3126","2"
"3127","2"
"3128","1"
"3129","12"
"3130","1"
"3131","13"
"3132","6"
"3133","6"
"3134","1"
"3135","6"
"3136","6"
"3137","2"
"3138","6"
"3139","1"
"3140","1"
"3141","1"
"3142","6"
"3143","3"
"3144","2"
"3145","6"
"3146","11"
"3147","6"
"3148","1"
"3149","1"
"3150","5"
"3151","6"
"3152","3"
"3153","1"
"3154","6"
"3155","11"
"3156","3"
"3157","6"
"3158","6"
"3159","6"
"3160","20"
"3161","6"
"3162","6"
"3163","5"
"3164","6"
"3165","6"
"3166","1"
"3167","6"
"3168","19"
"3169","18"
"3170","6"
"3171","6"
"3172","5"
"3173","6"
"3174","6"
"3175","6"
"3176","4"
"3177","2"
"3178","2"
"3179","3"
"3180","6"
"3181","6"
"3182","2"
"3183","6"
"3184","6"
"3185","1"
"3186","6"
"3187","6"
"3188","6"
"3189","6"
"3190","16"
"3191","3"
"3192","1"
"3193","6"
"3194","6"
"3195","19"
"3196","6"
"3197","6"
"3198","2"
"3199","6"
"3200","6"
"3201","6"
"3202","1"
"3203","1"
"3204","16"
"3205","20"
"3206","3"
"3207","6"
"3208","18"
"3209","15"
"3210","6"
"3211","15"
"3212","6"
"3213","1"
"3214","2"
"3215","6"
"3216","6"
"3217","5"
"3218","6"
"3219","3"
"3220","6"
"3221","4"
"3222","2"
"3223","6"
"3224","1"
"3225","6"
"3226","12"
"3227","1"
"3228","3"
"3229","2"
"3230","1"
"3231","2"
"3232","1"
"3233","1"
"3234","6"
"3235","1"
"3236","6"
"3237","6"
"3238","1"
"3239","1"
"3240","6"
"3241","6"
"3242","6"
"3243","1"
"3244","6"
"3245","4"
"3246","1"
"3247","6"
"3248","3"
"3249","1"
"3250","3"
"3251","3"
"3252","1"
"3253","1"
"3254","1"
"3255","6"
"3256","6"
"3257","5"
"3258","6"
"3259","6"
"3260","6"
"3261","5"
"3262","6"
"3263","6"
"3264","1"
"3265","5"
"3266","6"
"3267","6"
"3268","1"
"3269","1"
"3270","2"
"3271","19"
"3272","5"
"3273","1"
"3274","1"
"3275","19"
"3276","6"
"3277","1"
"3278","1"
"3279","6"
"3280","6"
"3281","3"
"3282","6"
"3283","2"
"3284","6"
"3285","2"
"3286","1"
"3287","20"
"3288","6"
"3289","2"
"3290","1"
"3291","1"
"3292","1"
"3293","3"
"3294","6"
"3295","1"
"3296","3"
"3297","3"
"3298","6"
"3299","1"
"3300","6"
"3301","6"
"3302","6"
"3303","6"
"3304","5"
"3305","6"
"3306","1"
"3307","6"
"3308","6"
"3309","2"
"3310","11"
"3311","1"
"3312","1"
"3313","6"
"3314","6"
"3315","1"
"3316","6"
"3317","6"
"3318","6"
"3319","1"
"3320","1"
"3321","6"
"3322","2"
"3323","6"
"3324","6"
"3325","6"
"3326","6"
"3327","1"
"3328","6"
"3329","1"
"3330","6"
"3331","5"
"3332","2"
"3333","1"
"3334","8"
"3335","3"
"3336","6"
"3337","6"
"3338","6"
"3339","6"
"3340","6"
"3341","1"
"3342","6"
"3343","6"
"3344","1"
"3345","1"
"3346","6"
"3347","1"
"3348","2"
"3349","6"
"3350","1"
"3351","6"
"3352","1"
"3353","6"
"3354","6"
"3355","6"
"3356","1"
"3357","3"
"3358","8"
"3359","6"
"3360","6"
"3361","6"
"3362","3"
"3363","6"
"3364","1"
"3365","1"
"3366","4"
"3367","6"
"3368","6"
"3369","1"
"3370","3"
"3371","2"
"3372","6"
"3373","1"
"3374","6"
"3375","6"
"3376","6"
"3377","6"
"3378","3"
"3379","1"
"3380","6"
"3381","13"
"3382","6"
"3383","19"
"3384","6"
"3385","12"
"3386","1"
"3387","6"
"3388","1"
"3389","3"
"3390","1"
"3391","6"
"3392","2"
"3393","6"
"3394","6"
"3395","1"
"3396","6"
"3397","6"
"3398","2"
"3399","6"
"3400","3"
"3401","6"
"3402","4"
"3403","6"
"3404","2"
"3405","17"
"3406","2"
"3407","1"
"3408","6"
"3409","6"
"3410","2"
"3411","6"
"3412","6"
"3413","6"
"3414","6"
"3415","1"
"3416","6"
"3417","6"
"3418","2"
"3419","2"
"3420","20"
"3421","6"
"3422","1"
"3423","5"
"3424","1"
"3425","3"
"3426","1"
"3427","6"
"3428","3"
"3429","1"
"3430","6"
"3431","6"
"3432","4"
"3433","5"
"3434","6"
"3435","6"
"3436","1"
"3437","1"
"3438","3"
"3439","1"
"3440","6"
"3441","1"
"3442","6"
"3443","1"
"3444","1"
"3445","6"
"3446","6"
"3447","1"
"3448","11"
"3449","2"
"3450","6"
"3451","2"
"3452","3"
"3453","6"
"3454","6"
"3455","19"
"3456","1"
"3457","2"
"3458","6"
"3459","6"
"3460","4"
"3461","6"
"3462","6"
"3463","6"
"3464","3"
"3465","1"
"3466","20"
"3467","16"
"3468","1"
"3469","6"
"3470","6"
"3471","19"
"3472","1"
"3473","1"
"3474","6"
"3475","11"
"3476","6"
"3477","5"
"3478","6"
"3479","6"
"3480","1"
"3481","10"
"3482","6"
"3483","6"
"3484","6"
"3485","15"
"3486","6"
"3487","6"
"3488","3"
"3489","6"
"3490","6"
"3491","1"
"3492","6"
"3493","6"
"3494","5"
"3495","1"
"3496","6"
"3497","2"
"3498","4"
"3499","3"
"3500","6"
"3501","1"
"3502","1"
"3503","6"
"3504","3"
"3505","6"
"3506","5"
"3507","6"
"3508","1"
"3509","3"
"3510","2"
"3511","2"
"3512","19"
"3513","3"
"3514","2"
"3515","6"
"3516","4"
"3517","4"
"3518","6"
"3519","5"
"3520","6"
"3521","2"
"3522","6"
"3523","8"
"3524","1"
"3525","11"
"3526","6"
"3527","11"
"3528","2"
"3529","5"
"3530","6"
"3531","5"
"3532","4"
"3533","6"
"3534","2"
"3535","1"
"3536","6"
"3537","6"
"3538","3"
"3539","6"
"3540","2"
"3541","3"
"3542","6"
"3543","6"
"3544","6"
"3545","6"
"3546","2"
"3547","1"
"3548","6"
"3549","1"
"3550","17"
"3551","5"
"3552","6"
"3553","1"
"3554","6"
"3555","6"
"3556","3"
"3557","6"
"3558","1"
"3559","5"
"3560","6"
"3561","6"
"3562","6"
"3563","5"
"3564","6"
"3565","3"
"3566","1"
"3567","3"
"3568","3"
"3569","20"
"3570","6"
"3571","6"
"3572","3"
"3573","2"
"3574","6"
"3575","6"
"3576","3"
"3577","6"
"3578","6"
"3579","5"
"3580","3"
"3581","1"
"3582","6"
"3583","6"
"3584","6"
"3585","1"
"3586","4"
"3587","6"
"3588","12"
"3589","4"
"3590","1"
"3591","6"
"3592","6"
"3593","6"
"3594","1"
"3595","11"
"3596","3"
"3597","2"
"3598","8"
"3599","1"
"3600","17"
"3601","6"
"3602","6"
"3603","2"
"3604","6"
"3605","2"
"3606","6"
"3607","1"
"3608","3"
"3609","20"
"3610","6"
"3611","2"
"3612","4"
"3613","1"
"3614","1"
"3615","6"
"3616","1"
"3617","8"
"3618","4"
"3619","2"
"3620","6"
"3621","3"
"3622","6"
"3623","6"
"3624","1"
"3625","2"
"3626","4"
"3627","1"
"3628","3"
"3629","12"
"3630","1"
"3631","6"
"3632","6"
"3633","1"
"3634","6"
"3635","3"
"3636","2"
"3637","6"
"3638","1"
"3639","1"
"3640","1"
"3641","1"
"3642","6"
"3643","6"
"3644","17"
"3645","2"
"3646","6"
"3647","19"
"3648","6"
"3649","1"
"3650","6"
"3651","1"
"3652","4"
"3653","6"
"3654","1"
"3655","6"
"3656","6"
"3657","6"
"3658","6"
"3659","1"
"3660","1"
"3661","6"
"3662","4"
"3663","3"
"3664","6"
"3665","1"
"3666","6"
"3667","6"
"3668","6"
"3669","2"
"3670","1"
"3671","6"
"3672","6"
"3673","6"
"3674","6"
"3675","6"
"3676","7"
"3677","6"
"3678","6"
"3679","6"
"3680","6"
"3681","6"
"3682","8"
"3683","6"
"3684","6"
"3685","3"
"3686","2"
"3687","6"
"3688","6"
"3689","4"
"3690","3"
"3691","6"
"3692","4"
"3693","19"
"3694","1"
"3695","6"
"3696","15"
"3697","6"
"3698","2"
"3699","6"
"3700","6"
"3701","7"
"3702","1"
"3703","6"
"3704","3"
"3705","6"
"3706","6"
"3707","1"
"3708","1"
"3709","4"
"3710","1"
"3711","6"
"3712","6"
"3713","1"
"3714","6"
"3715","6"
"3716","6"
"3717","3"
"3718","1"
"3719","2"
"3720","20"
"3721","7"
"3722","5"
"3723","6"
"3724","6"
"3725","1"
"3726","6"
"3727","3"
"3728","6"
"3729","6"
"3730","6"
"3731","7"
"3732","2"
"3733","6"
"3734","6"
"3735","3"
"3736","20"
"3737","16"
"3738","1"
"3739","14"
"3740","2"
"3741","15"
"3742","1"
"3743","1"
"3744","6"
"3745","6"
"3746","6"
"3747","12"
"3748","20"
"3749","1"
"3750","3"
"3751","6"
"3752","6"
"3753","6"
"3754","6"
"3755","1"
"3756","6"
"3757","7"
"3758","1"
"3759","1"
"3760","6"
"3761","6"
"3762","1"
"3763","6"
"3764","8"
"3765","6"
"3766","6"
"3767","6"
"3768","14"
"3769","6"
"3770","6"
"3771","6"
"3772","1"
"3773","6"
"3774","2"
"3775","1"
"3776","2"
"3777","1"
"3778","6"
"3779","6"
"3780","3"
"3781","20"
"3782","6"
"3783","6"
"3784","6"
"3785","1"
"3786","5"
"3787","6"
"3788","16"
"3789","1"
"3790","1"
"3791","1"
"3792","3"
"3793","6"
"3794","2"
"3795","7"
"3796","6"
"3797","2"
"3798","1"
"3799","1"
"3800","2"
"3801","6"
"3802","6"
"3803","6"
"3804","6"
"3805","1"
"3806","18"
"3807","19"
"3808","6"
"3809","3"
"3810","1"
"3811","6"
"3812","6"
"3813","6"
"3814","6"
"3815","2"
"3816","6"
"3817","6"
"3818","6"
"3819","6"
"3820","3"
"3821","1"
"3822","2"
"3823","5"
"3824","6"
"3825","1"
"3826","6"
"3827","6"
"3828","6"
"3829","6"
"3830","6"
"3831","6"
"3832","6"
"3833","1"
"3834","1"
"3835","6"
"3836","6"
"3837","6"
"3838","1"
"3839","3"
"3840","3"
"3841","6"
"3842","3"
"3843","6"
"3844","6"
"3845","1"
"3846","4"
"3847","6"
"3848","6"
"3849","6"
"3850","6"
"3851","3"
"3852","6"
"3853","3"
"3854","6"
"3855","1"
"3856","1"
"3857","6"
"3858","2"
"3859","6"
"3860","6"
"3861","1"
"3862","2"
"3863","6"
"3864","6"
"3865","6"
"3866","6"
"3867","6"
"3868","6"
"3869","2"
"3870","6"
"3871","6"
"3872","1"
"3873","6"
"3874","1"
"3875","1"
"3876","6"
"3877","2"
"3878","6"
"3879","6"
"3880","1"
"3881","3"
"3882","1"
"3883","6"
"3884","6"
"3885","6"
"3886","6"
"3887","6"
"3888","3"
"3889","19"
"3890","6"
"3891","4"
"3892","4"
"3893","3"
"3894","1"
"3895","6"
"3896","7"
"3897","6"
"3898","1"
"3899","6"
"3900","6"
"3901","6"
"3902","1"
"3903","1"
"3904","1"
"3905","19"
"3906","3"
"3907","1"
"3908","1"
"3909","3"
"3910","6"
"3911","1"
"3912","6"
"3913","6"
"3914","16"
"3915","6"
"3916","3"
"3917","1"
"3918","7"
"3919","6"
"3920","6"
"3921","3"
"3922","6"
"3923","6"
"3924","11"
"3925","6"
"3926","2"
"3927","1"
"3928","6"
"3929","6"
"3930","9"
"3931","14"
"3932","6"
"3933","3"
"3934","6"
"3935","6"
"3936","5"
"3937","3"
"3938","6"
"3939","1"
"3940","6"
"3941","6"
"3942","2"
"3943","3"
"3944","6"
"3945","2"
"3946","5"
"3947","7"
"3948","6"
"3949","1"
"3950","3"
"3951","6"
"3952","5"
"3953","10"
"3954","6"
"3955","6"
"3956","2"
"3957","6"
"3958","10"
"3959","6"
"3960","2"
"3961","14"
"3962","8"
"3963","1"
"3964","1"
"3965","6"
"3966","6"
"3967","6"
"3968","1"
"3969","6"
"3970","3"
"3971","6"
"3972","6"
"3973","6"
"3974","6"
"3975","2"
"3976","6"
"3977","6"
"3978","2"
"3979","1"
"3980","6"
"3981","3"
"3982","1"
"3983","6"
"3984","2"
"3985","6"
"3986","6"
"3987","1"
"3988","6"
"3989","6"
"3990","2"
"3991","2"
"3992","1"
"3993","3"
"3994","3"
"3995","12"
"3996","6"
"3997","3"
"3998","20"
"3999","1"
"4000","6"
"4001","6"
"4002","6"
"4003","1"
"4004","6"
"4005","3"
"4006","6"
"4007","6"
"4008","6"
"4009","3"
"4010","6"
"4011","1"
"4012","6"
"4013","6"
"4014","2"
"4015","8"
"4016","6"
"4017","19"
"4018","1"
"4019","1"
"4020","6"
"4021","19"
"4022","6"
"4023","6"
"4024","6"
"4025","6"
"4026","3"
"4027","3"
"4028","6"
"4029","6"
"4030","1"
"4031","15"
"4032","5"
"4033","1"
"4034","6"
"4035","1"
"4036","3"
"4037","1"
"4038","2"
"4039","1"
"4040","6"
"4041","6"
"4042","6"
"4043","3"
"4044","6"
"4045","20"
"4046","1"
"4047","6"
"4048","1"
"4049","6"
"4050","6"
"4051","3"
"4052","6"
"4053","6"
"4054","6"
"4055","6"
"4056","6"
"4057","6"
"4058","1"
"4059","6"
"4060","13"
"4061","3"
"4062","1"
"4063","6"
"4064","6"
"4065","2"
"4066","6"
"4067","2"
"4068","2"
"4069","1"
"4070","5"
"4071","6"
"4072","6"
"4073","2"
"4074","6"
"4075","6"
"4076","6"
"4077","1"
"4078","6"
"4079","6"
"4080","6"
"4081","6"
"4082","6"
"4083","1"
"4084","3"
"4085","6"
"4086","6"
"4087","2"
"4088","6"
"4089","20"
"4090","1"
"4091","6"
"4092","1"
"4093","6"
"4094","19"
"4095","6"
"4096","5"
"4097","6"
"4098","6"
"4099","2"
"4100","1"
"4101","20"
"4102","6"
"4103","1"
"4104","6"
"4105","3"
"4106","6"
"4107","6"
"4108","6"
"4109","20"
"4110","6"
"4111","6"
"4112","1"
"4113","6"
"4114","6"
"4115","6"
"4116","6"
"4117","1"
"4118","2"
"4119","1"
"4120","6"
"4121","6"
"4122","6"
"4123","20"
"4124","3"
"4125","11"
"4126","2"
"4127","6"
"4128","1"
"4129","6"
"4130","2"
"4131","6"
"4132","6"
"4133","6"
"4134","1"
"4135","6"
"4136","19"
"4137","2"
"4138","1"
"4139","8"
"4140","6"
"4141","6"
"4142","5"
"4143","6"
"4144","1"
"4145","5"
"4146","6"
"4147","6"
"4148","20"
"4149","6"
"4150","3"
"4151","3"
"4152","11"
"4153","2"
"4154","20"
"4155","1"
"4156","6"
"4157","20"
"4158","17"
"4159","17"
"4160","6"
"4161","3"
"4162","1"
"4163","20"
"4164","3"
"4165","1"
"4166","6"
"4167","6"
"4168","1"
"4169","19"
"4170","5"
"4171","2"
"4172","1"
"4173","13"
"4174","6"
"4175","6"
"4176","1"
"4177","5"
"4178","19"
"4179","6"
"4180","18"
"4181","6"
"4182","1"
"4183","6"
"4184","6"
"4185","6"
"4186","3"
"4187","6"
"4188","6"
"4189","3"
"4190","1"
"4191","1"
"4192","6"
"4193","6"
"4194","6"
"4195","4"
"4196","1"
"4197","6"
"4198","3"
"4199","6"
"4200","1"
"4201","6"
"4202","6"
"4203","6"
"4204","19"
"4205","2"
"4206","6"
"4207","6"
"4208","5"
"4209","6"
"4210","6"
"4211","1"
"4212","2"
"4213","6"
"4214","1"
"4215","6"
"4216","1"
"4217","6"
"4218","6"
"4219","6"
"4220","6"
"4221","6"
"4222","6"
"4223","19"
"4224","6"
"4225","6"
"4226","1"
"4227","6"
"4228","4"
"4229","8"
"4230","6"
"4231","6"
"4232","6"
"4233","15"
"4234","1"
"4235","11"
"4236","1"
"4237","3"
"4238","6"
"4239","6"
"4240","6"
"4241","1"
"4242","1"
"4243","20"
"4244","6"
"4245","1"
"4246","19"
"4247","6"
"4248","6"
"4249","6"
"4250","6"
"4251","1"
"4252","2"
"4253","1"
"4254","6"
"4255","3"
"4256","1"
"4257","2"
"4258","6"
"4259","6"
"4260","6"
"4261","6"
"4262","1"
"4263","6"
"4264","6"
"4265","1"
"4266","6"
"4267","6"
"4268","6"
"4269","6"
"4270","6"
"4271","19"
"4272","6"
"4273","6"
"4274","1"
"4275","1"
"4276","5"
"4277","1"
"4278","6"
"4279","6"
"4280","1"
"4281","1"
"4282","1"
"4283","6"
"4284","1"
"4285","1"
"4286","6"
"4287","6"
"4288","6"
"4289","1"
"4290","1"
"4291","2"
"4292","7"
"4293","3"
"4294","6"
"4295","20"
"4296","1"
"4297","6"
"4298","16"
"4299","19"
"4300","6"
"4301","6"
"4302","20"
"4303","1"
"4304","6"
"4305","11"
"4306","2"
"4307","6"
"4308","6"
"4309","19"
"4310","6"
"4311","6"
"4312","6"
"4313","1"
"4314","2"
"4315","1"
"4316","6"
"4317","3"
"4318","1"
"4319","6"
"4320","12"
"4321","6"
"4322","1"
"4323","6"
"4324","1"
"4325","1"
"4326","5"
"4327","6"
"4328","6"
"4329","1"
"4330","6"
"4331","19"
"4332","6"
"4333","6"
"4334","1"
"4335","6"
"4336","1"
"4337","6"
"4338","6"
"4339","2"
"4340","6"
"4341","6"
"4342","6"
"4343","6"
"4344","4"
"4345","6"
"4346","1"
"4347","6"
"4348","1"
"4349","6"
"4350","1"
"4351","20"
"4352","1"
"4353","1"
"4354","6"
"4355","6"
"4356","1"
"4357","6"
"4358","1"
"4359","1"
"4360","19"
"4361","6"
"4362","6"
"4363","1"
"4364","1"
"4365","3"
"4366","5"
"4367","6"
"4368","2"
"4369","6"
"4370","20"
"4371","1"
"4372","3"
"4373","1"
"4374","10"
"4375","2"
"4376","6"
"4377","6"
"4378","20"
"4379","13"
"4380","1"
"4381","6"
"4382","1"
"4383","6"
"4384","6"
"4385","6"
"4386","6"
"4387","20"
"4388","2"
"4389","6"
"4390","1"
"4391","6"
"4392","3"
"4393","6"
"4394","6"
"4395","20"
"4396","1"
"4397","6"
"4398","6"
"4399","6"
"4400","1"
"4401","6"
"4402","3"
"4403","17"
"4404","2"
"4405","4"
"4406","6"
"4407","6"
"4408","19"
"4409","6"
"4410","19"
"4411","20"
"4412","6"
"4413","1"
"4414","5"
"4415","20"
"4416","6"
"4417","19"
"4418","2"
"4419","5"
"4420","6"
"4421","1"
"4422","2"
"4423","19"
"4424","1"
"4425","6"
"4426","1"
"4427","1"
"4428","6"
"4429","3"
"4430","1"
"4431","1"
"4432","6"
"4433","6"
"4434","6"
"4435","6"
"4436","3"
"4437","6"
"4438","6"
"4439","8"
"4440","6"
"4441","6"
"4442","6"
"4443","6"
"4444","3"
"4445","6"
"4446","1"
"4447","5"
"4448","6"
"4449","1"
"4450","5"
"4451","6"
"4452","6"
"4453","6"
"4454","6"
"4455","19"
"4456","3"
"4457","17"
"4458","6"
"4459","6"
"4460","6"
"4461","6"
"4462","6"
"4463","1"
"4464","2"
"4465","6"
"4466","6"
"4467","1"
"4468","1"
"4469","6"
"4470","6"
"4471","6"
"4472","1"
"4473","6"
"4474","1"
"4475","6"
"4476","1"
"4477","1"
"4478","6"
"4479","1"
"4480","6"
"4481","3"
"4482","3"
"4483","6"
"4484","6"
"4485","6"
"4486","1"
"4487","5"
"4488","1"
"4489","6"
"4490","3"
"4491","1"
"4492","1"
"4493","6"
"4494","2"
"4495","6"
"4496","6"
"4497","1"
"4498","1"
"4499","2"
"4500","1"
"4501","2"
"4502","6"
"4503","6"
"4504","6"
"4505","1"
"4506","6"
"4507","6"
"4508","6"
"4509","1"
"4510","6"
"4511","3"
"4512","1"
"4513","6"
"4514","6"
"4515","1"
"4516","1"
"4517","3"
"4518","1"
"4519","6"
"4520","6"
"4521","1"
"4522","6"
"4523","20"
"4524","6"
"4525","2"
"4526","6"
"4527","13"
"4528","6"
"4529","2"
"4530","4"
"4531","6"
"4532","3"
"4533","6"
"4534","6"
"4535","6"
"4536","6"
"4537","6"
"4538","6"
"4539","6"
"4540","1"
"4541","6"
"4542","1"
"4543","1"
"4544","1"
"4545","1"
"4546","6"
"4547","2"
"4548","6"
"4549","6"
"4550","4"
"4551","3"
"4552","3"
"4553","6"
"4554","1"
"4555","1"
"4556","6"
"4557","1"
"4558","11"
"4559","1"
"4560","6"
"4561","6"
"4562","6"
"4563","19"
"4564","1"
"4565","6"
"4566","1"
"4567","6"
"4568","1"
"4569","1"
"4570","6"
"4571","3"
"4572","6"
"4573","5"
"4574","6"
"4575","6"
"4576","6"
"4577","1"
"4578","2"
"4579","3"
"4580","6"
"4581","5"
"4582","6"
"4583","20"
"4584","4"
"4585","6"
"4586","3"
"4587","3"
"4588","6"
"4589","6"
"4590","6"
"4591","6"
"4592","2"
"4593","7"
"4594","3"
"4595","2"
"4596","1"
"4597","3"
"4598","20"
"4599","6"
"4600","1"
"4601","11"
"4602","6"
"4603","6"
"4604","1"
"4605","6"
"4606","6"
"4607","6"
"4608","4"
"4609","2"
"4610","1"
"4611","2"
"4612","6"
"4613","5"
"4614","6"
"4615","11"
"4616","6"
"4617","6"
"4618","6"
"4619","2"
"4620","6"
"4621","20"
"4622","3"
"4623","19"
"4624","3"
"4625","2"
"4626","3"
"4627","6"
"4628","1"
"4629","6"
"4630","6"
"4631","6"
"4632","2"
"4633","1"
"4634","11"
"4635","6"
"4636","6"
"4637","3"
"4638","6"
"4639","6"
"4640","3"
"4641","5"
"4642","6"
"4643","3"
"4644","6"
"4645","6"
"4646","2"
"4647","6"
"4648","3"
"4649","7"
"4650","6"
"4651","1"
"4652","3"
"4653","6"
"4654","6"
"4655","1"
"4656","6"
"4657","6"
"4658","3"
"4659","6"
"4660","1"
"4661","6"
"4662","6"
"4663","6"
"4664","19"
"4665","6"
"4666","1"
"4667","2"
"4668","6"
"4669","6"
"4670","6"
"4671","1"
"4672","17"
"4673","6"
"4674","1"
"4675","6"
"4676","6"
"4677","3"
"4678","6"
"4679","1"
"4680","6"
"4681","1"
"4682","6"
"4683","1"
"4684","6"
"4685","6"
"4686","1"
"4687","19"
"4688","6"
"4689","1"
"4690","19"
"4691","6"
"4692","6"
"4693","6"
"4694","8"
"4695","6"
"4696","6"
"4697","6"
"4698","1"
"4699","6"
"4700","19"
"4701","19"
"4702","6"
"4703","6"
"4704","3"
"4705","1"
"4706","19"
"4707","6"
"4708","6"
"4709","19"
"4710","6"
"4711","3"
"4712","6"
"4713","6"
"4714","20"
"4715","6"
"4716","3"
"4717","8"
"4718","1"
"4719","2"
"4720","6"
"4721","3"
"4722","6"
"4723","6"
"4724","3"
"4725","1"
"4726","6"
"4727","19"
"4728","6"
"4729","6"
"4730","6"
"4731","6"
"4732","6"
"4733","6"
"4734","6"
"4735","7"
"4736","6"
"4737","2"
"4738","6"
"4739","3"
"4740","5"
"4741","20"
"4742","19"
"4743","6"
"4744","1"
"4745","3"
"4746","5"
"4747","3"
"4748","6"
"4749","3"
"4750","1"
"4751","6"
"4752","5"
"4753","6"
"4754","2"
"4755","6"
"4756","6"
"4757","11"
"4758","6"
"4759","1"
"4760","6"
"4761","2"
"4762","3"
"4763","1"
"4764","1"
"4765","6"
"4766","6"
"4767","1"
"4768","3"
"4769","1"
"4770","6"
"4771","6"
"4772","1"
"4773","1"
"4774","3"
"4775","6"
"4776","5"
"4777","3"
"4778","6"
"4779","1"
"4780","6"
"4781","20"
"4782","6"
"4783","6"
"4784","6"
"4785","6"
"4786","1"
"4787","6"
"4788","1"
"4789","2"
"4790","6"
"4791","3"
"4792","1"
"4793","6"
"4794","1"
"4795","2"
"4796","1"
"4797","6"
"4798","6"
"4799","1"
"4800","1"
"4801","8"
"4802","2"
"4803","6"
"4804","3"
"4805","6"
"4806","19"
"4807","6"
"4808","6"
"4809","6"
"4810","3"
"4811","6"
"4812","6"
"4813","6"
"4814","6"
"4815","6"
"4816","1"
"4817","3"
"4818","6"
"4819","2"
"4820","4"
"4821","6"
"4822","6"
"4823","6"
"4824","19"
"4825","1"
"4826","6"
"4827","1"
"4828","19"
"4829","1"
"4830","5"
"4831","6"
"4832","1"
"4833","7"
"4834","6"
"4835","6"
"4836","6"
"4837","1"
"4838","6"
"4839","6"
"4840","3"
"4841","2"
"4842","6"
"4843","6"
"4844","1"
"4845","19"
"4846","6"
"4847","6"
"4848","1"
"4849","6"
"4850","6"
"4851","6"
"4852","20"
"4853","6"
"4854","6"
"4855","6"
"4856","1"
"4857","6"
"4858","6"
"4859","6"
"4860","1"
"4861","2"
"4862","6"
"4863","1"
"4864","6"
"4865","6"
"4866","5"
"4867","3"
"4868","1"
"4869","2"
"4870","6"
"4871","6"
"4872","1"
"4873","1"
"4874","6"
"4875","1"
"4876","6"
"4877","6"
"4878","6"
"4879","3"
"4880","1"
"4881","6"
"4882","1"
"4883","3"
"4884","6"
"4885","2"
"4886","20"
"4887","19"
"4888","6"
"4889","1"
"4890","20"
"4891","6"
"4892","2"
"4893","6"
"4894","1"
"4895","6"
"4896","6"
"4897","19"
"4898","19"
"4899","3"
"4900","6"
"4901","6"
"4902","6"
"4903","20"
"4904","1"
"4905","1"
"4906","1"
"4907","1"
"4908","6"
"4909","20"
"4910","6"
"4911","6"
"4912","6"
"4913","6"
"4914","1"
"4915","6"
"4916","2"
"4917","1"
"4918","6"
"4919","1"
"4920","20"
"4921","1"
"4922","1"
"4923","6"
"4924","6"
"4925","6"
"4926","6"
"4927","6"
"4928","1"
"4929","6"
"4930","12"
"4931","6"
"4932","3"
"4933","16"
"4934","2"
"4935","6"
"4936","6"
"4937","20"
"4938","6"
"4939","6"
"4940","2"
"4941","6"
"4942","4"
"4943","2"
"4944","1"
"4945","6"
"4946","2"
"4947","6"
"4948","6"
"4949","6"
"4950","2"
"4951","6"
"4952","6"
"4953","1"
"4954","6"
"4955","6"
"4956","6"
"4957","6"
"4958","6"
"4959","3"
"4960","20"
"4961","1"
"4962","6"
"4963","6"
"4964","1"
"4965","6"
"4966","6"
"4967","6"
"4968","4"
"4969","6"
"4970","6"
"4971","2"
"4972","6"
"4973","2"
"4974","6"
"4975","2"
"4976","6"
"4977","6"
"4978","1"
"4979","6"
"4980","1"
"4981","20"
"4982","1"
"4983","10"
"4984","6"
"4985","6"
"4986","3"
"4987","6"
"4988","1"
"4989","3"
"4990","6"
"4991","6"
"4992","6"
"4993","1"
"4994","20"
"4995","2"
"4996","6"
"4997","1"
"4998","6"
"4999","6"
"5000","1"
"5001","1"
"5002","19"
"5003","1"
"5004","6"
"5005","5"
"5006","6"
"5007","2"
"5008","1"
"5009","1"
"5010","6"
"5011","6"
"5012","3"
"5013","6"
"5014","6"
"5015","6"
"5016","6"
"5017","20"
"5018","6"
"5019","2"
"5020","1"
"5021","7"
"5022","5"
"5023","2"
"5024","6"
"5025","1"
"5026","1"
"5027","6"
"5028","2"
"5029","1"
"5030","1"
"5031","1"
"5032","13"
"5033","3"
"5034","6"
"5035","6"
"5036","2"
"5037","1"
"5038","6"
"5039","8"
"5040","6"
"5041","12"
"5042","3"
"5043","13"
"5044","6"
"5045","6"
"5046","3"
"5047","2"
"5048","1"
"5049","5"
"5050","1"
"5051","6"
"5052","2"
"5053","3"
"5054","3"
"5055","1"
"5056","1"
"5057","2"
"5058","6"
"5059","6"
"5060","1"
"5061","6"
"5062","16"
"5063","6"
"5064","15"
"5065","6"
"5066","6"
"5067","6"
"5068","3"
"5069","1"
"5070","6"
"5071","3"
"5072","3"
"5073","6"
"5074","6"
"5075","3"
"5076","6"
"5077","6"
"5078","6"
"5079","6"
"5080","6"
"5081","1"
"5082","5"
"5083","1"
"5084","3"
"5085","3"
"5086","6"
"5087","1"
"5088","1"
"5089","6"
"5090","2"
"5091","6"
"5092","1"
"5093","6"
"5094","6"
"5095","6"
"5096","6"
"5097","6"
"5098","6"
"5099","6"
"5100","6"
"5101","1"
"5102","6"
"5103","6"
"5104","3"
"5105","2"
"5106","3"
"5107","1"
"5108","6"
"5109","5"
"5110","4"
"5111","6"
"5112","6"
"5113","2"
"5114","2"
"5115","6"
"5116","6"
"5117","1"
"5118","6"
"5119","6"
"5120","1"
"5121","6"
"5122","1"
"5123","2"
"5124","6"
"5125","1"
"5126","1"
"5127","5"
"5128","11"
"5129","1"
"5130","1"
"5131","6"
"5132","1"
"5133","6"
"5134","6"
"5135","2"
"5136","6"
"5137","1"
"5138","1"
"5139","1"
"5140","3"
"5141","5"
"5142","5"
"5143","20"
"5144","6"
"5145","1"
"5146","2"
"5147","2"
"5148","6"
"5149","6"
"5150","6"
"5151","19"
"5152","6"
"5153","4"
"5154","1"
"5155","6"
"5156","6"
"5157","2"
"5158","6"
"5159","6"
"5160","4"
"5161","6"
"5162","1"
"5163","11"
"5164","2"
"5165","6"
"5166","6"
"5167","6"
"5168","2"
"5169","6"
"5170","3"
"5171","6"
"5172","3"
"5173","6"
"5174","1"
"5175","6"
"5176","6"
"5177","1"
"5178","6"
"5179","5"
"5180","3"
"5181","6"
"5182","6"
"5183","6"
"5184","5"
"5185","6"
"5186","6"
"5187","2"
"5188","6"
"5189","1"
"5190","3"
"5191","2"
"5192","1"
"5193","1"
"5194","19"
"5195","5"
"5196","1"
"5197","1"
"5198","4"
"5199","6"
"5200","1"
"5201","6"
"5202","7"
"5203","1"
"5204","4"
"5205","1"
"5206","3"
"5207","1"
"5208","1"
"5209","6"
"5210","1"
"5211","6"
"5212","6"
"5213","5"
"5214","3"
"5215","6"
"5216","3"
"5217","3"
"5218","6"
"5219","11"
"5220","6"
"5221","2"
"5222","3"
"5223","1"
"5224","2"
"5225","6"
"5226","6"
"5227","6"
"5228","6"
"5229","6"
"5230","3"
"5231","1"
"5232","6"
"5233","19"
"5234","6"
"5235","6"
"5236","14"
"5237","6"
"5238","3"
"5239","1"
"5240","1"
"5241","16"
"5242","6"
"5243","6"
"5244","6"
"5245","15"
"5246","6"
"5247","1"
"5248","6"
"5249","6"
"5250","19"
"5251","1"
"5252","1"
"5253","18"
"5254","3"
"5255","6"
"5256","11"
"5257","6"
"5258","1"
"5259","5"
"5260","1"
"5261","6"
"5262","6"
"5263","2"
"5264","6"
"5265","6"
"5266","6"
"5267","6"
"5268","6"
"5269","3"
"5270","3"
"5271","19"
"5272","1"
"5273","1"
"5274","1"
"5275","1"
"5276","8"
"5277","1"
"5278","5"
"5279","6"
"5280","1"
"5281","1"
"5282","3"
"5283","1"
"5284","2"
"5285","1"
"5286","12"
"5287","6"
"5288","6"
"5289","2"
"5290","3"
"5291","4"
"5292","3"
"5293","2"
"5294","1"
"5295","1"
"5296","2"
"5297","6"
"5298","2"
"5299","6"
"5300","1"
"5301","2"
"5302","3"
"5303","6"
"5304","1"
"5305","1"
"5306","6"
"5307","1"
"5308","3"
"5309","1"
"5310","6"
"5311","3"
"5312","1"
"5313","6"
"5314","6"
"5315","6"
"5316","6"
"5317","6"
"5318","6"
"5319","1"
"5320","19"
"5321","6"
"5322","6"
"5323","6"
"5324","6"
"5325","3"
"5326","3"
"5327","2"
"5328","6"
"5329","11"
"5330","6"
"5331","3"
"5332","5"
"5333","6"
"5334","3"
"5335","6"
"5336","3"
"5337","6"
"5338","6"
"5339","8"
"5340","4"
"5341","6"
"5342","6"
"5343","4"
"5344","6"
"5345","6"
"5346","1"
"5347","6"
"5348","6"
"5349","6"
"5350","6"
"5351","6"
"5352","2"
"5353","20"
"5354","1"
"5355","4"
"5356","13"
"5357","1"
"5358","5"
"5359","3"
"5360","1"
"5361","6"
"5362","6"
"5363","2"
"5364","6"
"5365","6"
"5366","1"
"5367","1"
"5368","2"
"5369","6"
"5370","1"
"5371","5"
"5372","2"
"5373","6"
"5374","3"
"5375","9"
"5376","5"
"5377","6"
"5378","6"
"5379","1"
"5380","16"
"5381","6"
"5382","6"
"5383","1"
"5384","1"
"5385","6"
"5386","6"
"5387","6"
"5388","11"
"5389","6"
"5390","6"
"5391","5"
"5392","6"
"5393","1"
"5394","6"
"5395","2"
"5396","6"
"5397","3"
"5398","3"
"5399","2"
"5400","6"
"5401","2"
"5402","6"
"5403","1"
"5404","6"
"5405","6"
"5406","6"
"5407","6"
"5408","6"
"5409","1"
"5410","4"
"5411","1"
"5412","6"
"5413","1"
"5414","6"
"5415","3"
"5416","6"
"5417","6"
"5418","1"
"5419","6"
"5420","6"
"5421","4"
"5422","6"
"5423","6"
"5424","6"
"5425","1"
"5426","1"
"5427","1"
"5428","3"
"5429","6"
"5430","6"
"5431","3"
"5432","6"
"5433","6"
"5434","11"
"5435","3"
"5436","7"
"5437","1"
"5438","7"
"5439","15"
"5440","6"
"5441","6"
"5442","1"
"5443","2"
"5444","1"
"5445","7"
"5446","4"
"5447","2"
"5448","2"
"5449","3"
"5450","1"
"5451","6"
"5452","4"
"5453","6"
"5454","3"
"5455","3"
"5456","20"
"5457","2"
"5458","6"
"5459","1"
"5460","3"
"5461","6"
"5462","6"
"5463","1"
"5464","6"
"5465","2"
"5466","3"
"5467","2"
"5468","1"
"5469","6"
"5470","1"
"5471","6"
"5472","1"
"5473","6"
"5474","1"
"5475","3"
"5476","6"
"5477","1"
"5478","6"
"5479","5"
"5480","6"
"5481","6"
"5482","5"
"5483","6"
"5484","6"
"5485","6"
"5486","1"
"5487","8"
"5488","6"
"5489","8"
"5490","1"
"5491","1"
"5492","6"
"5493","6"
"5494","6"
"5495","6"
"5496","1"
"5497","6"
"5498","6"
"5499","6"
"5500","6"
"5501","6"
"5502","6"
"5503","1"
"5504","6"
"5505","5"
"5506","6"
"5507","20"
"5508","2"
"5509","6"
"5510","1"
"5511","6"
"5512","6"
"5513","6"
"5514","6"
"5515","8"
"5516","6"
"5517","3"
"5518","4"
"5519","6"
"5520","5"
"5521","3"
"5522","6"
"5523","1"
"5524","2"
"5525","1"
"5526","1"
"5527","17"
"5528","6"
"5529","6"
"5530","11"
"5531","11"
"5532","6"
"5533","6"
"5534","1"
"5535","3"
"5536","6"
"5537","18"
"5538","6"
"5539","1"
"5540","6"
"5541","1"
"5542","4"
"5543","19"
"5544","1"
"5545","5"
"5546","2"
"5547","6"
"5548","2"
"5549","1"
"5550","1"
"5551","19"
"5552","1"
"5553","1"
"5554","1"
"5555","4"
"5556","3"
"5557","1"
"5558","4"
"5559","17"
"5560","1"
"5561","10"
"5562","2"
"5563","6"
"5564","1"
"5565","6"
"5566","1"
"5567","20"
"5568","6"
"5569","3"
"5570","6"
"5571","4"
"5572","19"
"5573","6"
"5574","6"
"5575","2"
"5576","6"
"5577","6"
"5578","1"
"5579","4"
"5580","6"
"5581","6"
"5582","6"
"5583","6"
"5584","1"
"5585","6"
"5586","6"
"5587","6"
"5588","6"
"5589","3"
"5590","6"
"5591","2"
"5592","1"
"5593","6"
"5594","8"
"5595","6"
"5596","6"
"5597","3"
"5598","6"
"5599","6"
"5600","6"
"5601","6"
"5602","1"
"5603","6"
"5604","9"
"5605","1"
"5606","3"
"5607","6"
"5608","6"
"5609","6"
"5610","6"
"5611","6"
"5612","8"
"5613","1"
"5614","6"
"5615","6"
"5616","20"
"5617","1"
"5618","6"
"5619","1"
"5620","6"
"5621","1"
"5622","6"
"5623","6"
"5624","6"
"5625","3"
"5626","1"
"5627","6"
"5628","6"
"5629","6"
"5630","6"
"5631","5"
"5632","14"
"5633","6"
"5634","18"
"5635","6"
"5636","3"
"5637","3"
"5638","6"
"5639","6"
"5640","6"
"5641","6"
"5642","6"
"5643","6"
"5644","6"
"5645","6"
"5646","1"
"5647","6"
"5648","11"
"5649","2"
"5650","6"
"5651","6"
"5652","19"
"5653","6"
"5654","6"
"5655","6"
"5656","2"
"5657","17"
"5658","6"
"5659","1"
"5660","6"
"5661","6"
"5662","6"
"5663","6"
"5664","2"
"5665","6"
"5666","6"
"5667","6"
"5668","1"
"5669","3"
"5670","6"
"5671","2"
"5672","6"
"5673","1"
"5674","3"
"5675","6"
"5676","3"
"5677","6"
"5678","2"
"5679","6"
"5680","6"
"5681","6"
"5682","6"
"5683","3"
"5684","5"
"5685","3"
"5686","6"
"5687","3"
"5688","6"
"5689","2"
"5690","3"
"5691","3"
"5692","2"
"5693","6"
"5694","6"
"5695","13"
"5696","19"
"5697","6"
"5698","6"
"5699","6"
"5700","1"
"5701","6"
"5702","19"
"5703","6"
"5704","6"
"5705","6"
"5706","1"
"5707","6"
"5708","3"
"5709","6"
"5710","1"
"5711","3"
"5712","6"
"5713","7"
"5714","20"
"5715","6"
"5716","6"
"5717","1"
"5718","2"
"5719","4"
"5720","1"
"5721","8"
"5722","1"
"5723","1"
"5724","3"
"5725","6"
"5726","3"
"5727","1"
"5728","12"
"5729","6"
"5730","6"
"5731","1"
"5732","6"
"5733","6"
"5734","1"
"5735","6"
"5736","3"
"5737","6"
"5738","6"
"5739","2"
"5740","6"
"5741","2"
"5742","1"
"5743","6"
"5744","6"
"5745","6"
"5746","6"
"5747","4"
"5748","3"
"5749","18"
"5750","1"
"5751","6"
"5752","3"
"5753","1"
"5754","1"
"5755","1"
"5756","6"
"5757","6"
"5758","1"
"5759","6"
"5760","1"
"5761","2"
"5762","1"
"5763","4"
"5764","6"
"5765","2"
"5766","1"
"5767","1"
"5768","6"
"5769","6"
"5770","6"
"5771","6"
"5772","6"
"5773","5"
"5774","1"
"5775","1"
"5776","1"
"5777","6"
"5778","6"
"5779","1"
"5780","3"
"5781","6"
"5782","5"
"5783","6"
"5784","6"
"5785","6"
"5786","1"
"5787","6"
"5788","6"
"5789","1"
"5790","6"
"5791","2"
"5792","6"
"5793","1"
"5794","6"
"5795","6"
"5796","6"
"5797","6"
"5798","1"
"5799","4"
"5800","2"
"5801","6"
"5802","2"
"5803","4"
"5804","2"
"5805","2"
"5806","2"
"5807","6"
"5808","6"
"5809","6"
"5810","1"
"5811","1"
"5812","6"
"5813","6"
"5814","6"
"5815","8"
"5816","1"
"5817","3"
"5818","2"
"5819","19"
"5820","6"
"5821","6"
"5822","20"
"5823","6"
"5824","2"
"5825","3"
"5826","1"
"5827","6"
"5828","6"
"5829","6"
"5830","1"
"5831","20"
"5832","1"
"5833","6"
"5834","6"
"5835","1"
"5836","17"
"5837","6"
"5838","6"
"5839","1"
"5840","6"
"5841","6"
"5842","3"
"5843","6"
"5844","6"
"5845","6"
"5846","20"
"5847","2"
"5848","1"
"5849","6"
"5850","6"
"5851","3"
"5852","7"
"5853","1"
"5854","6"
"5855","3"
"5856","6"
"5857","1"
"5858","1"
"5859","3"
"5860","2"
"5861","5"
"5862","1"
"5863","6"
"5864","3"
"5865","3"
"5866","6"
"5867","3"
"5868","5"
"5869","6"
"5870","19"
"5871","3"
"5872","6"
"5873","6"
"5874","6"
"5875","6"
"5876","3"
"5877","6"
"5878","5"
"5879","6"
"5880","3"
"5881","2"
"5882","6"
"5883","4"
"5884","1"
"5885","2"
"5886","6"
"5887","6"
"5888","3"
"5889","8"
"5890","1"
"5891","3"
"5892","6"
"5893","6"
"5894","6"
"5895","1"
"5896","1"
"5897","5"
"5898","3"
"5899","6"
"5900","6"
"5901","3"
"5902","1"
"5903","6"
"5904","6"
"5905","6"
"5906","3"
"5907","1"
"5908","6"
"5909","6"
"5910","6"
"5911","2"
"5912","20"
"5913","6"
"5914","6"
"5915","6"
"5916","14"
"5917","1"
"5918","6"
"5919","17"
"5920","1"
"5921","6"
"5922","6"
"5923","6"
"5924","1"
"5925","6"
"5926","6"
"5927","6"
"5928","6"
"5929","6"
"5930","6"
"5931","3"
"5932","2"
"5933","6"
"5934","6"
"5935","1"
"5936","11"
"5937","1"
"5938","1"
"5939","1"
"5940","1"
"5941","6"
"5942","3"
"5943","1"
"5944","1"
"5945","5"
"5946","6"
"5947","6"
"5948","6"
"5949","2"
"5950","3"
"5951","1"
"5952","16"
"5953","6"
"5954","6"
"5955","1"
"5956","11"
"5957","6"
"5958","6"
"5959","3"
"5960","6"
"5961","1"
"5962","1"
"5963","1"
"5964","6"
"5965","20"
"5966","13"
"5967","1"
"5968","6"
"5969","2"
"5970","6"
"5971","6"
"5972","8"
"5973","6"
"5974","1"
"5975","6"
"5976","6"
"5977","6"
"5978","19"
"5979","6"
"5980","16"
"5981","8"
"5982","20"
"5983","6"
"5984","6"
"5985","2"
"5986","6"
"5987","6"
"5988","6"
"5989","6"
"5990","6"
"5991","6"
"5992","6"
"5993","6"
"5994","6"
"5995","1"
"5996","20"
"5997","6"
"5998","3"
"5999","6"
"6000","1"
"6001","2"
"6002","3"
"6003","1"
"6004","11"
"6005","1"
"6006","4"
"6007","6"
"6008","1"
"6009","16"
"6010","6"
"6011","15"
"6012","6"
"6013","1"
"6014","3"
"6015","6"
"6016","11"
"6017","2"
"6018","2"
"6019","6"
"6020","3"
"6021","3"
"6022","1"
"6023","8"
"6024","6"
"6025","1"
"6026","6"
"6027","18"
"6028","1"
"6029","3"
"6030","6"
"6031","1"
"6032","3"
"6033","1"
"6034","6"
"6035","3"
"6036","10"
"6037","6"
"6038","6"
"6039","6"
"6040","5"
"6041","6"
"6042","6"
"6043","2"
"6044","1"
"6045","3"
"6046","11"
"6047","1"
"6048","6"
"6049","6"
"6050","3"
"6051","4"
"6052","6"
"6053","1"
"6054","1"
"6055","19"
"6056","7"
"6057","2"
"6058","15"
"6059","2"
"6060","6"
"6061","6"
"6062","6"
"6063","6"
"6064","1"
"6065","1"
"6066","6"
"6067","6"
"6068","6"
"6069","2"
"6070","3"
"6071","1"
"6072","6"
"6073","3"
"6074","6"
"6075","1"
"6076","1"
"6077","6"
"6078","6"
"6079","1"
"6080","6"
"6081","1"
"6082","1"
"6083","2"
"6084","7"
"6085","6"
"6086","19"
"6087","1"
"6088","6"
"6089","11"
"6090","6"
"6091","1"
"6092","6"
"6093","6"
"6094","6"
"6095","1"
"6096","2"
"6097","2"
"6098","6"
"6099","4"
"6100","5"
"6101","1"
"6102","18"
"6103","1"
"6104","20"
"6105","1"
"6106","6"
"6107","1"
"6108","6"
"6109","3"
"6110","6"
"6111","6"
"6112","6"
"6113","1"
"6114","12"
"6115","4"
"6116","7"
"6117","6"
"6118","3"
"6119","6"
"6120","2"
"6121","1"
"6122","6"
"6123","3"
"6124","19"
"6125","3"
"6126","10"
"6127","1"
"6128","1"
"6129","3"
"6130","1"
"6131","3"
"6132","14"
"6133","1"
"6134","1"
"6135","6"
"6136","6"
"6137","1"
"6138","6"
"6139","11"
"6140","2"
"6141","6"
"6142","6"
"6143","1"
"6144","12"
"6145","9"
"6146","6"
"6147","3"
"6148","3"
"6149","1"
"6150","6"
"6151","6"
"6152","6"
"6153","6"
"6154","6"
"6155","1"
"6156","1"
"6157","4"
"6158","17"
"6159","6"
"6160","6"
"6161","6"
"6162","3"
"6163","2"
"6164","6"
"6165","2"
"6166","6"
"6167","1"
"6168","1"
"6169","1"
"6170","1"
"6171","3"
"6172","3"
"6173","6"
"6174","6"
"6175","13"
"6176","6"
"6177","3"
"6178","6"
"6179","1"
"6180","6"
"6181","1"
"6182","1"
"6183","1"
"6184","2"
"6185","6"
"6186","6"
"6187","6"
"6188","6"
"6189","6"
"6190","6"
"6191","6"
"6192","6"
"6193","4"
"6194","6"
"6195","6"
"6196","3"
"6197","5"
"6198","6"
"6199","2"
"6200","3"
"6201","3"
"6202","3"
"6203","2"
"6204","1"
"6205","6"
"6206","6"
"6207","6"
"6208","6"
"6209","6"
"6210","18"
"6211","3"
"6212","6"
"6213","6"
"6214","6"
"6215","2"
"6216","3"
"6217","6"
"6218","6"
"6219","2"
"6220","6"
"6221","6"
"6222","6"
"6223","6"
"6224","6"
"6225","3"
"6226","1"
"6227","17"
"6228","2"
"6229","20"
"6230","3"
"6231","5"
"6232","6"
"6233","1"
"6234","1"
"6235","3"
"6236","6"
"6237","6"
"6238","3"
"6239","4"
"6240","6"
"6241","8"
"6242","11"
"6243","6"
"6244","1"
"6245","6"
"6246","1"
"6247","6"
"6248","6"
"6249","6"
"6250","1"
"6251","5"
"6252","6"
"6253","2"
"6254","2"
"6255","6"
"6256","2"
"6257","6"
"6258","6"
"6259","9"
"6260","6"
"6261","6"
"6262","1"
"6263","6"
"6264","1"
"6265","1"
"6266","3"
"6267","1"
"6268","1"
"6269","6"
"6270","2"
"6271","6"
"6272","6"
"6273","3"
"6274","19"
"6275","3"
"6276","1"
"6277","1"
"6278","11"
"6279","7"
"6280","6"
"6281","1"
"6282","6"
"6283","6"
"6284","6"
"6285","6"
"6286","19"
"6287","6"
"6288","6"
"6289","1"
"6290","3"
"6291","3"
"6292","6"
"6293","6"
"6294","1"
"6295","6"
"6296","3"
"6297","8"
"6298","3"
"6299","1"
"6300","6"
"6301","6"
"6302","3"
"6303","6"
"6304","1"
"6305","6"
"6306","12"
"6307","2"
"6308","6"
"6309","3"
"6310","2"
"6311","3"
"6312","1"
"6313","3"
"6314","1"
"6315","2"
"6316","6"
"6317","3"
"6318","5"
"6319","13"
"6320","1"
"6321","2"
"6322","6"
"6323","20"
"6324","5"
"6325","3"
"6326","6"
"6327","6"
"6328","3"
"6329","5"
"6330","2"
"6331","6"
"6332","1"
"6333","6"
"6334","4"
"6335","6"
"6336","1"
"6337","1"
"6338","1"
"6339","3"
"6340","19"
"6341","2"
"6342","6"
"6343","1"
"6344","3"
"6345","6"
"6346","10"
"6347","5"
"6348","3"
"6349","1"
"6350","2"
"6351","2"
"6352","6"
"6353","20"
"6354","6"
"6355","6"
"6356","5"
"6357","1"
"6358","1"
"6359","2"
"6360","1"
"6361","6"
"6362","2"
"6363","6"
"6364","1"
"6365","2"
"6366","3"
"6367","6"
"6368","11"
"6369","2"
"6370","6"
"6371","5"
"6372","3"
"6373","7"
"6374","5"
"6375","19"
"6376","3"
"6377","3"
"6378","8"
"6379","6"
"6380","1"
"6381","3"
"6382","6"
"6383","3"
"6384","6"
"6385","6"
"6386","11"
"6387","3"
"6388","1"
"6389","6"
"6390","5"
"6391","1"
"6392","19"
"6393","15"
"6394","6"
"6395","6"
"6396","1"
"6397","6"
"6398","6"
"6399","6"
"6400","6"
"6401","3"
"6402","6"
"6403","1"
"6404","2"
"6405","6"
"6406","3"
"6407","3"
"6408","3"
"6409","6"
"6410","13"
"6411","1"
"6412","3"
"6413","1"
"6414","3"
"6415","3"
"6416","19"
"6417","13"
"6418","6"
"6419","19"
"6420","1"
"6421","6"
"6422","3"
"6423","6"
"6424","3"
"6425","3"
"6426","8"
"6427","6"
"6428","19"
"6429","1"
"6430","1"
"6431","6"
"6432","2"
"6433","3"
"6434","6"
"6435","7"
"6436","5"
"6437","6"
"6438","3"
"6439","1"
"6440","2"
"6441","6"
"6442","6"
"6443","2"
"6444","6"
"6445","6"
"6446","4"
"6447","6"
"6448","6"
"6449","13"
"6450","1"
"6451","5"
"6452","1"
"6453","2"
"6454","1"
"6455","6"
"6456","1"
"6457","1"
"6458","6"
"6459","15"
"6460","6"
"6461","3"
"6462","6"
"6463","6"
"6464","13"
"6465","6"
"6466","6"
"6467","6"
"6468","2"
"6469","6"
"6470","6"
"6471","2"
"6472","2"
"6473","1"
"6474","3"
"6475","6"
"6476","6"
"6477","6"
"6478","6"
"6479","1"
"6480","2"
"6481","5"
"6482","2"
"6483","1"
"6484","6"
"6485","20"
"6486","1"
"6487","8"
"6488","3"
"6489","6"
"6490","6"
"6491","6"
"6492","1"
"6493","6"
"6494","1"
"6495","1"
"6496","6"
"6497","6"
"6498","6"
"6499","6"
"6500","6"
"6501","1"
"6502","3"
"6503","2"
"6504","3"
"6505","6"
"6506","3"
"6507","1"
"6508","6"
"6509","6"
"6510","2"
"6511","3"
"6512","6"
"6513","7"
"6514","6"
"6515","6"
"6516","1"
"6517","5"
"6518","5"
"6519","6"
"6520","1"
"6521","6"
"6522","5"
"6523","2"
"6524","6"
"6525","6"
"6526","1"
"6527","4"
"6528","19"
"6529","6"
"6530","2"
"6531","6"
"6532","3"
"6533","1"
"6534","3"
"6535","3"
"6536","6"
"6537","6"
"6538","1"
"6539","6"
"6540","1"
"6541","1"
"6542","2"
"6543","1"
"6544","6"
"6545","3"
"6546","7"
"6547","1"
"6548","6"
"6549","6"
"6550","11"
"6551","6"
"6552","11"
"6553","1"
"6554","2"
"6555","10"
"6556","6"
"6557","6"
"6558","2"
"6559","6"
"6560","6"
"6561","13"
"6562","1"
"6563","4"
"6564","6"
"6565","2"
"6566","7"
"6567","6"
"6568","6"
"6569","6"
"6570","6"
"6571","19"
"6572","8"
"6573","6"
"6574","11"
"6575","6"
"6576","6"
"6577","6"
"6578","1"
"6579","1"
"6580","6"
"6581","6"
"6582","2"
"6583","7"
"6584","6"
"6585","1"
"6586","6"
"6587","1"
"6588","4"
"6589","6"
"6590","1"
"6591","6"
"6592","6"
"6593","6"
"6594","6"
"6595","1"
"6596","6"
"6597","4"
"6598","3"
"6599","6"
"6600","6"
"6601","6"
"6602","6"
"6603","1"
"6604","6"
"6605","2"
"6606","1"
"6607","2"
"6608","10"
"6609","1"
"6610","9"
"6611","5"
"6612","6"
"6613","19"
"6614","2"
"6615","6"
"6616","1"
"6617","13"
"6618","4"
"6619","11"
"6620","6"
"6621","6"
"6622","9"
"6623","6"
"6624","6"
"6625","1"
"6626","6"
"6627","2"
"6628","6"
"6629","5"
"6630","10"
"6631","2"
"6632","6"
"6633","6"
"6634","20"
"6635","3"
"6636","6"
"6637","6"
"6638","1"
"6639","1"
"6640","4"
"6641","6"
"6642","6"
"6643","11"
"6644","3"
"6645","6"
"6646","10"
"6647","3"
"6648","1"
"6649","8"
"6650","6"
"6651","4"
"6652","13"
"6653","6"
"6654","1"
"6655","6"
"6656","4"
"6657","6"
"6658","6"
"6659","6"
"6660","6"
"6661","13"
"6662","2"
"6663","1"
"6664","6"
"6665","3"
"6666","6"
"6667","6"
"6668","6"
"6669","3"
"6670","6"
"6671","6"
"6672","1"
"6673","6"
"6674","9"
"6675","12"
"6676","18"
"6677","3"
"6678","6"
"6679","19"
"6680","6"
"6681","19"
"6682","6"
"6683","8"
"6684","1"
"6685","1"
"6686","1"
"6687","3"
"6688","3"
"6689","3"
"6690","6"
"6691","1"
"6692","1"
"6693","7"
"6694","3"
"6695","6"
"6696","6"
"6697","6"
"6698","3"
"6699","1"
"6700","11"
"6701","1"
"6702","3"
"6703","6"
"6704","3"
"6705","2"
"6706","3"
"6707","3"
"6708","6"
"6709","1"
"6710","6"
"6711","1"
"6712","10"
"6713","6"
"6714","2"
"6715","1"
"6716","6"
"6717","6"
"6718","6"
"6719","6"
"6720","6"
"6721","17"
"6722","6"
"6723","6"
"6724","6"
"6725","1"
"6726","6"
"6727","6"
"6728","2"
"6729","6"
"6730","19"
"6731","1"
"6732","2"
"6733","6"
"6734","6"
"6735","6"
"6736","11"
"6737","2"
"6738","6"
"6739","6"
"6740","6"
"6741","16"
"6742","12"
"6743","2"
"6744","6"
"6745","1"
"6746","8"
"6747","3"
"6748","6"
"6749","1"
"6750","1"
"6751","6"
"6752","2"
"6753","4"
"6754","3"
"6755","6"
"6756","6"
"6757","18"
"6758","4"
"6759","1"
"6760","6"
"6761","12"
"6762","11"
"6763","11"
"6764","10"
"6765","1"
"6766","3"
"6767","1"
"6768","10"
"6769","6"
"6770","3"
"6771","2"
"6772","2"
"6773","6"
"6774","6"
"6775","6"
"6776","6"
"6777","6"
"6778","6"
"6779","6"
"6780","6"
"6781","1"
"6782","6"
"6783","2"
"6784","18"
"6785","2"
"6786","6"
"6787","6"
"6788","2"
"6789","11"
"6790","3"
"6791","6"
"6792","3"
"6793","5"
"6794","19"
"6795","6"
"6796","3"
"6797","6"
"6798","3"
"6799","1"
"6800","14"
"6801","2"
"6802","2"
"6803","1"
"6804","1"
"6805","6"
"6806","1"
"6807","6"
"6808","1"
"6809","4"
"6810","6"
"6811","6"
"6812","2"
"6813","7"
"6814","3"
"6815","6"
"6816","2"
"6817","1"
"6818","1"
"6819","6"
"6820","3"
"6821","6"
"6822","6"
"6823","6"
"6824","6"
"6825","6"
"6826","18"
"6827","6"
"6828","6"
"6829","3"
"6830","6"
"6831","6"
"6832","3"
"6833","6"
"6834","1"
"6835","5"
"6836","4"
"6837","1"
"6838","6"
"6839","6"
"6840","1"
"6841","6"
"6842","6"
"6843","6"
"6844","6"
"6845","1"
"6846","6"
"6847","1"
"6848","6"
"6849","6"
"6850","3"
"6851","1"
"6852","6"
"6853","3"
"6854","6"
"6855","3"
"6856","6"
"6857","6"
"6858","8"
"6859","3"
"6860","3"
"6861","2"
"6862","8"
"6863","1"
"6864","6"
"6865","2"
"6866","6"
"6867","6"
"6868","1"
"6869","3"
"6870","6"
"6871","12"
"6872","6"
"6873","6"
"6874","6"
"6875","6"
"6876","6"
"6877","8"
"6878","6"
"6879","1"
"6880","3"
"6881","10"
"6882","20"
"6883","6"
"6884","2"
"6885","15"
"6886","3"
"6887","2"
"6888","3"
"6889","1"
"6890","2"
"6891","1"
"6892","6"
"6893","1"
"6894","2"
"6895","2"
"6896","1"
"6897","6"
"6898","6"
"6899","6"
"6900","2"
"6901","1"
"6902","11"
"6903","1"
"6904","1"
"6905","1"
"6906","5"
"6907","5"
"6908","1"
"6909","6"
"6910","6"
"6911","6"
"6912","6"
"6913","6"
"6914","2"
"6915","6"
"6916","10"
"6917","6"
"6918","6"
"6919","1"
"6920","3"
"6921","20"
"6922","5"
"6923","1"
"6924","6"
"6925","6"
"6926","4"
"6927","2"
"6928","1"
"6929","6"
"6930","3"
"6931","6"
"6932","6"
"6933","8"
"6934","6"
"6935","1"
"6936","3"
"6937","14"
"6938","1"
"6939","18"
"6940","18"
"6941","6"
"6942","5"
"6943","6"
"6944","6"
"6945","6"
"6946","1"
"6947","8"
"6948","5"
"6949","10"
"6950","6"
"6951","4"
"6952","2"
"6953","11"
"6954","3"
"6955","6"
"6956","6"
"6957","6"
"6958","1"
"6959","6"
"6960","6"
"6961","4"
"6962","6"
"6963","6"
"6964","19"
"6965","6"
"6966","1"
"6967","15"
"6968","1"
"6969","3"
"6970","3"
"6971","4"
"6972","6"
"6973","6"
"6974","6"
"6975","15"
"6976","1"
"6977","20"
"6978","1"
"6979","6"
"6980","20"
"6981","2"
"6982","6"
"6983","6"
"6984","3"
"6985","7"
"6986","2"
"6987","6"
"6988","3"
"6989","6"
"6990","6"
"6991","5"
"6992","6"
"6993","6"
"6994","6"
"6995","6"
"6996","1"
"6997","3"
"6998","6"
"6999","3"
"7000","1"
"7001","1"
"7002","2"
"7003","19"
"7004","1"
"7005","1"
"7006","6"
"7007","10"
"7008","6"
"7009","6"
"7010","3"
"7011","3"
"7012","6"
"7013","3"
"7014","6"
"7015","4"
"7016","4"
"7017","6"
"7018","6"
"7019","6"
"7020","1"
"7021","19"
"7022","6"
"7023","6"
"7024","1"
"7025","6"
"7026","1"
"7027","6"
"7028","6"
"7029","6"
"7030","2"
"7031","5"
"7032","3"
"7033","6"
"7034","6"
"7035","6"
"7036","6"
"7037","3"
"7038","1"
"7039","2"
"7040","6"
"7041","6"
"7042","1"
"7043","6"
"7044","2"
"7045","1"
"7046","6"
"7047","1"
"7048","6"
"7049","1"
"7050","12"
"7051","1"
"7052","6"
"7053","6"
"7054","1"
"7055","1"
"7056","3"
"7057","16"
"7058","1"
"7059","6"
"7060","2"
"7061","6"
"7062","6"
"7063","2"
"7064","1"
"7065","6"
"7066","6"
"7067","2"
"7068","1"
"7069","6"
"7070","6"
"7071","20"
"7072","1"
"7073","6"
"7074","6"
"7075","1"
"7076","1"
"7077","6"
"7078","3"
"7079","6"
"7080","6"
"7081","1"
"7082","11"
"7083","6"
"7084","6"
"7085","6"
"7086","5"
"7087","6"
"7088","6"
"7089","6"
"7090","6"
"7091","6"
"7092","4"
"7093","3"
"7094","3"
"7095","2"
"7096","1"
"7097","3"
"7098","1"
"7099","6"
"7100","1"
"7101","7"
"7102","6"
"7103","6"
"7104","6"
"7105","6"
"7106","9"
"7107","3"
"7108","19"
"7109","3"
"7110","6"
"7111","6"
"7112","5"
"7113","6"
"7114","6"
"7115","6"
"7116","1"
"7117","6"
"7118","1"
"7119","6"
"7120","1"
"7121","2"
"7122","5"
"7123","6"
"7124","1"
"7125","6"
"7126","1"
"7127","3"
"7128","19"
"7129","6"
"7130","3"
"7131","6"
"7132","1"
"7133","6"
"7134","6"
"7135","11"
"7136","6"
"7137","6"
"7138","3"
"7139","3"
"7140","6"
"7141","3"
"7142","6"
"7143","6"
"7144","4"
"7145","6"
"7146","3"
"7147","6"
"7148","5"
"7149","20"
"7150","1"
"7151","3"
"7152","6"
"7153","16"
"7154","1"
"7155","1"
"7156","1"
"7157","6"
"7158","1"
"7159","6"
"7160","3"
"7161","6"
"7162","6"
"7163","6"
"7164","6"
"7165","6"
"7166","6"
"7167","6"
"7168","1"
"7169","6"
"7170","1"
"7171","6"
"7172","6"
"7173","6"
"7174","1"
"7175","1"
"7176","6"
"7177","6"
"7178","8"
"7179","6"
"7180","6"
"7181","6"
"7182","1"
"7183","6"
"7184","6"
"7185","3"
"7186","5"
"7187","12"
"7188","6"
"7189","2"
"7190","6"
"7191","3"
"7192","4"
"7193","6"
"7194","5"
"7195","1"
"7196","6"
"7197","5"
"7198","5"
"7199","1"
"7200","15"
"7201","1"
"7202","2"
"7203","6"
"7204","1"
"7205","1"
"7206","1"
"7207","1"
"7208","1"
"7209","4"
"7210","3"
"7211","1"
"7212","6"
"7213","11"
"7214","3"
"7215","6"
"7216","3"
"7217","1"
"7218","1"
"7219","6"
"7220","6"
"7221","1"
"7222","6"
"7223","3"
"7224","3"
"7225","3"
"7226","5"
"7227","2"
"7228","6"
"7229","6"
"7230","6"
"7231","6"
"7232","6"
"7233","6"
"7234","1"
"7235","6"
"7236","6"
"7237","3"
"7238","6"
"7239","6"
"7240","6"
"7241","6"
"7242","6"
"7243","6"
"7244","6"
"7245","1"
"7246","6"
"7247","6"
"7248","6"
"7249","6"
"7250","6"
"7251","6"
"7252","3"
"7253","6"
"7254","6"
"7255","6"
"7256","6"
"7257","4"
"7258","2"
"7259","1"
"7260","5"
"7261","3"
"7262","1"
"7263","11"
"7264","6"
"7265","4"
"7266","2"
"7267","3"
"7268","1"
"7269","6"
"7270","1"
"7271","13"
"7272","5"
"7273","6"
"7274","1"
"7275","6"
"7276","1"
"7277","6"
"7278","1"
"7279","3"
"7280","6"
"7281","6"
"7282","6"
"7283","14"
"7284","6"
"7285","6"
"7286","3"
"7287","6"
"7288","13"
"7289","1"
"7290","6"
"7291","5"
"7292","13"
"7293","1"
"7294","6"
"7295","3"
"7296","1"
"7297","3"
"7298","6"
"7299","6"
"7300","11"
"7301","5"
"7302","1"
"7303","3"
"7304","13"
"7305","2"
"7306","3"
"7307","1"
"7308","6"
"7309","3"
"7310","3"
"7311","5"
"7312","6"
"7313","4"
"7314","2"
"7315","3"
"7316","6"
"7317","6"
"7318","6"
"7319","6"
"7320","6"
"7321","6"
"7322","3"
"7323","6"
"7324","1"
"7325","5"
"7326","6"
"7327","19"
"7328","6"
"7329","6"
"7330","2"
"7331","3"
"7332","4"
"7333","6"
"7334","6"
"7335","1"
"7336","1"
"7337","3"
"7338","12"
"7339","1"
"7340","2"
"7341","5"
"7342","17"
"7343","3"
"7344","4"
"7345","2"
"7346","4"
"7347","6"
"7348","1"
"7349","6"
"7350","2"
"7351","6"
"7352","2"
"7353","6"
"7354","19"
"7355","1"
"7356","1"
"7357","3"
"7358","6"
"7359","1"
"7360","6"
"7361","3"
"7362","6"
"7363","6"
"7364","2"
"7365","6"
"7366","6"
"7367","2"
"7368","1"
"7369","1"
"7370","1"
"7371","2"
"7372","6"
"7373","6"
"7374","16"
"7375","6"
"7376","6"
"7377","2"
"7378","3"
"7379","3"
"7380","6"
"7381","6"
"7382","1"
"7383","6"
"7384","1"
"7385","6"
"7386","6"
"7387","6"
"7388","6"
"7389","1"
"7390","3"
"7391","6"
"7392","1"
"7393","5"
"7394","6"
"7395","6"
"7396","6"
"7397","6"
"7398","7"
"7399","6"
"7400","1"
"7401","6"
"7402","1"
"7403","19"
"7404","6"
"7405","1"
"7406","3"
"7407","7"
"7408","6"
"7409","6"
"7410","20"
"7411","12"
"7412","3"
"7413","6"
"7414","6"
"7415","2"
"7416","15"
"7417","6"
"7418","6"
"7419","3"
"7420","1"
"7421","6"
"7422","6"
"7423","6"
"7424","3"
"7425","3"
"7426","6"
"7427","5"
"7428","6"
"7429","6"
"7430","1"
"7431","5"
"7432","1"
"7433","11"
"7434","6"
"7435","6"
"7436","6"
"7437","6"
"7438","6"
"7439","5"
"7440","3"
"7441","6"
"7442","3"
"7443","6"
"7444","18"
"7445","4"
"7446","3"
"7447","6"
"7448","6"
"7449","2"
"7450","5"
"7451","6"
"7452","6"
"7453","6"
"7454","1"
"7455","6"
"7456","6"
"7457","2"
"7458","19"
"7459","6"
"7460","1"
"7461","6"
"7462","6"
"7463","1"
"7464","6"
"7465","2"
"7466","6"
"7467","18"
"7468","1"
"7469","3"
"7470","12"
"7471","6"
"7472","6"
"7473","6"
"7474","3"
"7475","2"
"7476","6"
"7477","1"
"7478","1"
"7479","6"
"7480","3"
"7481","6"
"7482","6"
"7483","6"
"7484","1"
"7485","1"
"7486","6"
"7487","19"
"7488","6"
"7489","6"
"7490","6"
"7491","6"
"7492","6"
"7493","1"
"7494","3"
"7495","1"
"7496","1"
"7497","1"
"7498","6"
"7499","3"
"7500","3"
"7501","1"
"7502","6"
"7503","6"
"7504","1"
"7505","6"
"7506","5"
"7507","6"
"7508","6"
"7509","6"
"7510","6"
"7511","1"
"7512","10"
"7513","1"
"7514","1"
"7515","11"
"7516","1"
"7517","1"
"7518","1"
"7519","6"
"7520","2"
"7521","3"
"7522","3"
"7523","3"
"7524","6"
"7525","1"
"7526","1"
"7527","6"
"7528","2"
"7529","3"
"7530","6"
"7531","1"
"7532","6"
"7533","3"
"7534","2"
"7535","1"
"7536","6"
"7537","6"
"7538","3"
"7539","6"
"7540","3"
"7541","6"
"7542","6"
"7543","1"
"7544","8"
"7545","6"
"7546","1"
"7547","4"
"7548","3"
"7549","6"
"7550","6"
"7551","6"
"7552","1"
"7553","6"
"7554","1"
"7555","2"
"7556","6"
"7557","6"
"7558","6"
"7559","6"
"7560","1"
"7561","1"
"7562","6"
"7563","6"
"7564","2"
"7565","6"
"7566","6"
"7567","5"
"7568","2"
"7569","20"
"7570","1"
"7571","5"
"7572","5"
"7573","6"
"7574","1"
"7575","6"
"7576","6"
"7577","3"
"7578","1"
"7579","13"
"7580","6"
"7581","3"
"7582","2"
"7583","2"
"7584","6"
"7585","3"
"7586","1"
"7587","3"
"7588","6"
"7589","1"
"7590","16"
"7591","6"
"7592","3"
"7593","18"
"7594","6"
"7595","1"
"7596","2"
"7597","6"
"7598","1"
"7599","6"
"7600","6"
"7601","6"
"7602","6"
"7603","1"
"7604","6"
"7605","1"
"7606","6"
"7607","3"
"7608","17"
"7609","6"
"7610","6"
"7611","6"
"7612","6"
"7613","1"
"7614","20"
"7615","6"
"7616","6"
"7617","1"
"7618","1"
"7619","4"
"7620","1"
"7621","1"
"7622","2"
"7623","6"
"7624","3"
"7625","6"
"7626","3"
"7627","6"
"7628","1"
"7629","1"
"7630","10"
"7631","3"
"7632","3"
"7633","3"
"7634","6"
"7635","1"
"7636","3"
"7637","6"
"7638","6"
"7639","6"
"7640","3"
"7641","2"
"7642","1"
"7643","6"
"7644","6"
"7645","6"
"7646","12"
"7647","16"
"7648","3"
"7649","6"
"7650","6"
"7651","6"
"7652","6"
"7653","1"
"7654","6"
"7655","3"
"7656","14"
"7657","6"
"7658","1"
"7659","6"
"7660","6"
"7661","1"
"7662","1"
"7663","6"
"7664","6"
"7665","6"
"7666","6"
"7667","1"
"7668","1"
"7669","16"
"7670","6"
"7671","1"
"7672","6"
"7673","1"
"7674","2"
"7675","6"
"7676","6"
"7677","3"
"7678","10"
"7679","12"
"7680","6"
"7681","2"
"7682","5"
"7683","6"
"7684","6"
"7685","1"
"7686","1"
"7687","1"
"7688","6"
"7689","1"
"7690","1"
"7691","18"
"7692","6"
"7693","1"
"7694","6"
"7695","10"
"7696","1"
"7697","6"
"7698","2"
"7699","19"
"7700","6"
"7701","1"
"7702","2"
"7703","1"
"7704","6"
"7705","6"
"7706","6"
"7707","6"
"7708","2"
"7709","6"
"7710","6"
"7711","8"
"7712","3"
"7713","6"
"7714","6"
"7715","6"
"7716","1"
"7717","19"
"7718","2"
"7719","6"
"7720","3"
"7721","6"
"7722","1"
"7723","6"
"7724","6"
"7725","1"
"7726","5"
"7727","1"
"7728","6"
"7729","6"
"7730","5"
"7731","6"
"7732","6"
"7733","6"
"7734","1"
"7735","20"
"7736","1"
"7737","1"
"7738","6"
"7739","3"
"7740","6"
"7741","6"
"7742","6"
"7743","6"
"7744","3"
"7745","1"
"7746","6"
"7747","6"
"7748","6"
"7749","6"
"7750","6"
"7751","6"
"7752","6"
"7753","11"
"7754","11"
"7755","20"
"7756","6"
"7757","1"
"7758","2"
"7759","1"
"7760","13"
"7761","6"
"7762","6"
"7763","6"
"7764","2"
"7765","6"
"7766","6"
"7767","1"
"7768","19"
"7769","1"
"7770","6"
"7771","1"
"7772","6"
"7773","6"
"7774","6"
"7775","1"
"7776","6"
"7777","6"
"7778","2"
"7779","6"
"7780","6"
"7781","1"
"7782","6"
"7783","6"
"7784","6"
"7785","1"
"7786","6"
"7787","6"
"7788","6"
"7789","1"
"7790","3"
"7791","3"
"7792","1"
"7793","1"
"7794","3"
"7795","6"
"7796","6"
"7797","6"
"7798","1"
"7799","6"
"7800","3"
"7801","1"
"7802","6"
"7803","3"
"7804","8"
"7805","6"
"7806","6"
"7807","1"
"7808","1"
"7809","2"
"7810","6"
"7811","3"
"7812","4"
"7813","1"
"7814","1"
"7815","13"
"7816","6"
"7817","6"
"7818","6"
"7819","6"
"7820","6"
"7821","6"
"7822","6"
"7823","1"
"7824","1"
"7825","2"
"7826","6"
"7827","2"
"7828","2"
"7829","3"
"7830","1"
"7831","6"
"7832","5"
"7833","6"
"7834","6"
"7835","1"
"7836","2"
"7837","1"
"7838","1"
"7839","2"
"7840","3"
"7841","1"
"7842","6"
"7843","6"
"7844","1"
"7845","6"
"7846","5"
"7847","6"
"7848","6"
"7849","6"
"7850","1"
"7851","4"
"7852","2"
"7853","1"
"7854","6"
"7855","3"
"7856","6"
"7857","1"
"7858","19"
"7859","6"
"7860","2"
"7861","1"
"7862","6"
"7863","6"
"7864","1"
"7865","6"
"7866","6"
"7867","6"
"7868","6"
"7869","6"
"7870","1"
"7871","6"
"7872","2"
"7873","1"
"7874","6"
"7875","3"
"7876","1"
"7877","2"
"7878","3"
"7879","1"
"7880","3"
"7881","11"
"7882","6"
"7883","6"
"7884","6"
"7885","6"
"7886","6"
"7887","6"
"7888","6"
"7889","1"
"7890","6"
"7891","6"
"7892","6"
"7893","1"
"7894","6"
"7895","6"
"7896","1"
"7897","4"
"7898","4"
"7899","3"
"7900","6"
"7901","6"
"7902","2"
"7903","1"
"7904","6"
"7905","2"
"7906","3"
"7907","5"
"7908","3"
"7909","2"
"7910","6"
"7911","6"
"7912","6"
"7913","1"
"7914","4"
"7915","2"
"7916","6"
"7917","1"
"7918","4"
"7919","3"
"7920","2"
"7921","6"
"7922","6"
"7923","6"
"7924","5"
"7925","6"
"7926","6"
"7927","6"
"7928","2"
"7929","6"
"7930","5"
"7931","1"
"7932","3"
"7933","1"
"7934","6"
"7935","1"
"7936","1"
"7937","6"
"7938","6"
"7939","6"
"7940","6"
"7941","1"
"7942","6"
"7943","4"
"7944","1"
"7945","5"
"7946","1"
"7947","6"
"7948","6"
"7949","6"
"7950","1"
"7951","11"
"7952","6"
"7953","1"
"7954","6"
"7955","6"
"7956","3"
"7957","2"
"7958","3"
"7959","20"
"7960","2"
"7961","1"
"7962","3"
"7963","2"
"7964","6"
"7965","6"
"7966","6"
"7967","6"
"7968","6"
"7969","1"
"7970","6"
"7971","6"
"7972","6"
"7973","16"
"7974","1"
"7975","1"
"7976","6"
"7977","6"
"7978","3"
"7979","6"
"7980","1"
"7981","3"
"7982","1"
"7983","6"
"7984","6"
"7985","2"
"7986","6"
"7987","1"
"7988","3"
"7989","6"
"7990","6"
"7991","1"
"7992","14"
"7993","6"
"7994","1"
"7995","3"
"7996","6"
"7997","2"
"7998","6"
"7999","6"
"8000","1"
